customer_id,archetype,monthly_salary,emi_amount,emi_due_day,credit_limit,baseline_spend,baseline_savings_bal,salary_day
1000,STABLE_PRIME,68321.8,14656.45,8,205000.0,41257.98,273668.09,30
1001,STABLE_PRIME,89783.53,36641.62,6,449000.0,32204.96,171407.97,28
1002,LIQUIDITY_SHOCK,60266.66,12756.43,3,603000.0,40859.46,356546.88,28
1003,STABLE_PRIME,78583.11,19066.7,7,393000.0,40381.35,451414.97,29
1004,SAVINGS_DEPLETION,52792.34,16367.64,7,158000.0,30289.93,272723.86,30
1005,INCOME_INSTABILITY,39166.13,14320.33,2,196000.0,22960.54,141011.37,29
1006,STABLE_PRIME,52324.99,19978.62,8,262000.0,19882.28,103598.99,28
1007,INCOME_INSTABILITY,30000.0,11604.9,5,150000.0,15921.82,174788.3,28
1008,STABLE_PRIME,93731.84,36819.52,5,469000.0,37231.96,261730.11,28
1009,INCOME_INSTABILITY,62754.97,19602.31,1,628000.0,37326.88,160333.4,28
1010,OVERSPENDING,70017.55,23098.69,3,210000.0,40011.39,322686.19,30
1011,OVERSPENDING,63558.74,27373.68,3,636000.0,30779.75,348226.75,28
1012,STABLE_PRIME,98552.99,29821.71,4,296000.0,51558.18,136485.99,30
1013,LIQUIDITY_SHOCK,60228.0,21446.5,9,181000.0,31488.77,322659.66,29
1014,SAVINGS_DEPLETION,50711.48,21638.95,1,152000.0,25129.43,214938.12,28
1015,SAVINGS_DEPLETION,55682.66,11233.31,8,557000.0,36178.52,171895.44,28
1016,LIQUIDITY_SHOCK,49116.15,12509.44,8,147000.0,32329.98,148290.55,29
1017,INCOME_INSTABILITY,30000.0,7888.37,2,300000.0,18877.92,75131.75,28
1018,INCOME_INSTABILITY,36164.68,12968.21,2,108000.0,21236.2,124669.19,29
1019,STABLE_PRIME,83737.52,32691.54,1,837000.0,33974.82,420002.2,28
1020,LIQUIDITY_SHOCK,67042.29,27408.6,6,201000.0,35312.46,354773.96,30
1021,STABLE_PRIME,117856.83,47422.67,4,1179000.0,46329.48,220608.21,28
1022,STABLE_PRIME,103734.11,39813.57,2,1037000.0,42498.34,384567.23,29
1023,STABLE_PRIME,85984.74,34764.11,9,258000.0,34215.54,189962.77,29
1024,SAVINGS_DEPLETION,63118.59,18134.12,3,316000.0,38960.92,309241.83,30
1025,INCOME_INSTABILITY,60636.46,22268.56,3,303000.0,33436.31,345668.26,28
1026,STABLE_PRIME,87622.5,31806.12,9,263000.0,36929.29,95541.54,29
1027,STABLE_PRIME,66747.18,24189.73,7,667000.0,27692.21,286216.2,28
1028,STABLE_PRIME,119100.18,41383.47,6,357000.0,58280.36,408955.56,30
1029,STABLE_PRIME,87204.62,31504.92,1,262000.0,40659.91,187570.71,30
1030,STABLE_PRIME,84826.25,35701.12,9,254000.0,36553.42,478555.16,28
1031,STABLE_PRIME,87858.98,39104.53,4,879000.0,33423.2,222150.12,30
1032,STABLE_PRIME,50228.98,20646.79,3,251000.0,21330.58,74634.36,30
1033,INCOME_INSTABILITY,39639.63,13064.53,2,198000.0,24874.08,186458.61,28
1034,STABLE_PRIME,91746.61,27977.69,2,275000.0,47233.51,372268.16,29
1035,STABLE_PRIME,111683.87,27761.09,8,558000.0,56599.29,556069.87,30
1036,STABLE_PRIME,73407.62,15341.13,9,367000.0,39737.45,272578.88,28
1037,SAVINGS_DEPLETION,57158.18,15007.61,6,572000.0,34308.85,160097.38,28
1038,STABLE_PRIME,74270.44,16438.79,4,371000.0,39060.77,275036.5,30
1039,STABLE_PRIME,95193.97,42112.31,3,286000.0,41056.06,285020.68,30
1040,STABLE_PRIME,73422.71,17556.05,2,367000.0,42757.06,107884.87,28
1041,LIQUIDITY_SHOCK,79935.62,35069.06,7,799000.0,39123.94,254064.54,28
1042,STABLE_PRIME,74038.88,15074.2,5,740000.0,38234.52,89116.45,29
1043,INCOME_INSTABILITY,30000.0,6128.71,5,300000.0,22259.19,81945.65,29
1044,STABLE_PRIME,109486.17,23137.27,3,547000.0,58111.19,383770.86,28
1045,LIQUIDITY_SHOCK,42838.3,18676.34,2,129000.0,20257.75,228584.96,30
1046,SAVINGS_DEPLETION,68989.27,27788.95,5,690000.0,36550.86,351992.51,29
1047,STABLE_PRIME,112134.35,28442.57,2,336000.0,62367.76,165085.85,30
1048,STABLE_PRIME,67667.26,19295.74,3,203000.0,32103.08,235494.74,29
1049,LIQUIDITY_SHOCK,78841.33,33063.53,4,237000.0,38320.86,395578.84,28
1050,STABLE_PRIME,110174.58,42187.16,4,551000.0,46558.81,247901.87,30
1051,INCOME_INSTABILITY,30000.0,9217.46,7,90000.0,17959.42,65735.42,29
1052,INCOME_INSTABILITY,71109.58,30141.98,1,213000.0,37608.05,393016.22,28
1053,STABLE_PRIME,85315.06,37338.29,3,427000.0,29265.24,354841.2,28
1054,STABLE_PRIME,101853.13,44463.84,9,1019000.0,43469.77,148301.26,29
1055,INCOME_INSTABILITY,87864.1,18800.09,3,879000.0,58732.51,327696.1,30
1056,STABLE_PRIME,91193.97,20544.24,7,456000.0,47784.4,410814.77,29
1057,STABLE_PRIME,76544.13,18114.26,5,383000.0,36321.21,454151.48,28
1058,STABLE_PRIME,74223.34,25206.32,3,742000.0,31594.93,235455.66,28
1059,STABLE_PRIME,81798.29,17511.04,8,245000.0,45404.02,418312.52,30
1060,OVERSPENDING,65912.24,24481.65,8,198000.0,35734.42,139600.75,29
1061,SAVINGS_DEPLETION,61066.48,20701.61,5,305000.0,32381.09,343390.03,28
1062,STABLE_PRIME,77921.2,19807.75,1,234000.0,44558.89,349447.4,30
1063,INCOME_INSTABILITY,49344.13,13334.8,8,247000.0,34045.22,161764.06,28
1064,STABLE_PRIME,82634.14,28584.31,5,248000.0,39420.14,190037.81,30
1065,LIQUIDITY_SHOCK,43739.3,12132.49,4,131000.0,26751.7,193487.63,28
1066,STABLE_PRIME,110270.27,24335.23,2,1103000.0,52950.14,135201.65,30
1067,STABLE_PRIME,59045.27,18899.95,1,590000.0,25872.84,234448.31,30
1068,STABLE_PRIME,88880.0,18594.18,1,267000.0,55335.86,113933.28,29
1069,LIQUIDITY_SHOCK,74790.17,28979.52,3,224000.0,38781.71,293607.34,28
1070,INCOME_INSTABILITY,35998.69,8362.13,3,108000.0,25009.58,145106.16,29
1071,SAVINGS_DEPLETION,67474.2,14285.92,8,675000.0,43843.11,294043.52,29
1072,STABLE_PRIME,77231.32,34135.74,9,232000.0,27439.94,128982.18,30
1073,STABLE_PRIME,98392.38,35405.55,3,984000.0,40504.71,165481.95,29
1074,STABLE_PRIME,59036.9,25152.06,4,177000.0,24143.12,210758.64,30
1075,STABLE_PRIME,106665.08,44329.04,5,320000.0,42113.15,185103.11,28
1076,STABLE_PRIME,80779.22,26104.17,3,808000.0,33023.38,132833.24,30
1077,STABLE_PRIME,60029.6,22476.1,4,180000.0,27036.27,329198.86,30
1078,STABLE_PRIME,86140.72,34925.55,2,431000.0,38679.24,162379.77,28
1079,STABLE_PRIME,90294.4,26094.89,2,271000.0,44497.66,317573.2,28
1080,STABLE_PRIME,84375.61,27667.96,1,422000.0,37565.59,450692.79,28
1081,STABLE_PRIME,71498.27,23890.98,8,357000.0,28695.23,155907.88,30
1082,STABLE_PRIME,81206.21,18943.72,3,812000.0,47970.27,424075.35,30
1083,STABLE_PRIME,86911.52,27103.63,3,869000.0,46564.37,192278.91,28
1084,OVERSPENDING,63119.06,20343.34,9,189000.0,34901.95,171345.16,28
1085,LIQUIDITY_SHOCK,44507.57,14447.63,4,445000.0,24681.7,208478.45,30
1086,OVERSPENDING,47553.05,18582.33,2,476000.0,25251.52,132220.47,28
1087,STABLE_PRIME,82144.92,16583.71,5,411000.0,40206.17,232205.95,29
1088,STABLE_PRIME,72571.24,15969.91,3,726000.0,35129.44,221486.28,30
1089,SAVINGS_DEPLETION,53457.97,22952.12,6,267000.0,25698.13,122392.78,29
1090,LIQUIDITY_SHOCK,61191.99,16521.52,5,306000.0,37650.0,357359.39,30
1091,STABLE_PRIME,96270.81,32006.19,1,481000.0,41948.76,465844.57,29
1092,STABLE_PRIME,84008.8,17890.17,2,420000.0,45852.09,314446.26,29
1093,INCOME_INSTABILITY,30000.0,12074.06,1,300000.0,16451.79,132225.41,28
1094,STABLE_PRIME,120848.17,27393.24,5,604000.0,59917.9,571596.47,29
1095,STABLE_PRIME,75933.78,32999.69,3,759000.0,28071.45,427677.83,29
1096,STABLE_PRIME,93689.55,37464.98,3,281000.0,36540.33,181010.55,30
1097,LIQUIDITY_SHOCK,65967.5,19111.29,9,330000.0,39719.71,335312.62,30
1098,OVERSPENDING,63002.29,25811.17,1,189000.0,31464.5,174945.52,30
1099,STABLE_PRIME,97086.03,41418.65,3,971000.0,38482.27,153831.86,29
1100,STABLE_PRIME,98742.57,41438.04,1,494000.0,43932.74,540068.82,28
1101,STABLE_PRIME,101355.44,26567.52,7,304000.0,55167.73,118348.92,29
1102,OVERSPENDING,79705.15,34601.63,4,239000.0,40128.99,130512.67,30
1103,OVERSPENDING,59534.25,21272.35,2,595000.0,33862.1,250385.48,30
1104,STABLE_PRIME,95771.48,42117.3,8,479000.0,34051.1,204640.18,30
1105,STABLE_PRIME,108513.92,25862.97,8,543000.0,50461.98,163202.0,28
1106,STABLE_PRIME,111732.45,42101.87,1,1117000.0,42857.63,450681.26,29
1107,STABLE_PRIME,93854.12,38490.5,7,282000.0,43136.59,146993.4,28
1108,STABLE_PRIME,91282.59,25363.88,3,913000.0,48356.04,273392.59,28
1109,OVERSPENDING,55328.54,27495.38,9,553000.0,24477.65,165479.01,28
1110,SAVINGS_DEPLETION,59214.27,25439.26,3,296000.0,28773.48,111437.41,30
1111,STABLE_PRIME,97111.26,26984.14,6,486000.0,55626.53,103469.36,28
1112,STABLE_PRIME,84444.46,35057.79,8,253000.0,34004.64,210940.54,28
1113,STABLE_PRIME,91441.72,36571.71,1,274000.0,39212.43,264141.28,30
1114,STABLE_PRIME,81175.34,25179.83,2,406000.0,38923.71,308320.32,30
1115,STABLE_PRIME,107559.89,23542.26,3,538000.0,61595.63,253166.24,29
1116,STABLE_PRIME,103333.05,25732.85,8,517000.0,58139.8,278622.71,28
1117,STABLE_PRIME,52385.15,13596.34,2,524000.0,25967.2,116078.2,29
1118,LIQUIDITY_SHOCK,39680.81,14218.04,1,397000.0,22695.16,207952.84,28
1119,SAVINGS_DEPLETION,49193.61,18496.13,1,492000.0,25654.11,202864.9,30
1120,STABLE_PRIME,104736.5,37290.09,6,524000.0,50341.14,294706.45,28
1121,STABLE_PRIME,58703.39,22947.24,8,176000.0,21822.31,313613.48,30
1122,SAVINGS_DEPLETION,55971.42,14953.85,8,280000.0,36823.65,233254.79,30
1123,STABLE_PRIME,105190.66,32127.96,2,1052000.0,49024.28,464513.48,29
1124,INCOME_INSTABILITY,48916.91,16560.55,9,245000.0,29851.8,251858.91,30
1125,STABLE_PRIME,70324.41,18700.73,6,703000.0,39853.29,280388.02,28
1126,LIQUIDITY_SHOCK,37909.51,8027.02,6,379000.0,25343.59,72856.56,28
1127,LIQUIDITY_SHOCK,44645.08,13274.05,8,446000.0,27464.24,124040.25,28
1128,OVERSPENDING,66492.02,35807.4,6,199000.0,26399.06,227321.24,29
1129,STABLE_PRIME,86994.04,30340.87,1,435000.0,42350.92,502493.39,30
1130,STABLE_PRIME,79717.41,30455.81,9,239000.0,38668.99,354105.67,29
1131,STABLE_PRIME,88637.81,19450.8,3,443000.0,54298.89,90966.24,30
1132,STABLE_PRIME,94956.06,21049.51,8,950000.0,51419.73,442602.0,28
1133,OVERSPENDING,72121.7,33126.07,8,216000.0,32272.38,397882.36,30
1134,LIQUIDITY_SHOCK,61739.25,21427.59,1,617000.0,36102.45,233314.65,29
1135,INCOME_INSTABILITY,37350.34,13982.29,9,374000.0,22120.32,209982.9,29
1136,STABLE_PRIME,94853.25,29763.61,7,285000.0,51357.25,403205.68,30
1137,STABLE_PRIME,96874.74,40808.44,8,484000.0,39458.76,447932.69,30
1138,STABLE_PRIME,106704.67,38037.32,2,1067000.0,50556.3,353161.96,29
1139,STABLE_PRIME,87948.32,29219.45,3,879000.0,36709.05,526781.47,28
1140,OVERSPENDING,53881.71,27933.32,9,269000.0,21725.28,78586.29,30
1141,STABLE_PRIME,47730.83,12395.42,3,143000.0,23055.77,132362.87,29
1142,SAVINGS_DEPLETION,68006.47,29078.53,9,680000.0,33955.81,198689.97,30
1143,INCOME_INSTABILITY,77279.4,17183.29,6,773000.0,52365.68,416968.06,29
1144,LIQUIDITY_SHOCK,58834.81,24090.29,6,177000.0,29874.79,303188.26,29
1145,STABLE_PRIME,85814.78,21893.2,1,429000.0,48880.48,420314.15,29
1146,SAVINGS_DEPLETION,45009.9,15722.79,1,135000.0,24840.56,103575.29,30
1147,OVERSPENDING,66857.77,22629.61,3,334000.0,36726.97,275098.78,28
1148,STABLE_PRIME,108212.58,45380.59,3,1082000.0,49115.93,178288.3,28
1149,STABLE_PRIME,111938.17,23378.91,8,336000.0,55753.48,420247.98,30
1150,STABLE_PRIME,81468.15,35889.2,5,244000.0,31608.06,428199.41,28
1151,STABLE_PRIME,86531.93,35146.7,8,433000.0,35019.99,321803.14,28
1152,STABLE_PRIME,88600.34,36560.53,9,266000.0,34778.71,459398.67,28
1153,INCOME_INSTABILITY,51111.09,19153.76,7,153000.0,30021.24,276222.39,29
1154,STABLE_PRIME,76871.51,15395.83,2,384000.0,38007.94,367690.21,30
1155,STABLE_PRIME,94583.37,26635.47,9,284000.0,53215.46,149367.88,29
1156,LIQUIDITY_SHOCK,77941.6,30417.26,9,390000.0,42263.5,211171.93,30
1157,INCOME_INSTABILITY,49272.61,21399.44,4,246000.0,26193.78,282651.8,28
1158,OVERSPENDING,57192.11,18225.62,2,286000.0,34844.15,340335.5,30
1159,INCOME_INSTABILITY,81936.12,19051.91,7,246000.0,55025.87,90999.71,29
1160,STABLE_PRIME,76484.74,18336.04,2,229000.0,46506.99,437608.85,30
1161,STABLE_PRIME,95968.23,38262.76,4,480000.0,44275.98,466800.41,29
1162,STABLE_PRIME,57298.41,21836.75,2,172000.0,26094.52,114699.72,28
1163,LIQUIDITY_SHOCK,53199.97,22135.95,8,266000.0,26812.82,107384.47,28
1164,OVERSPENDING,66837.21,30514.87,5,334000.0,29925.89,272913.13,29
1165,STABLE_PRIME,91715.63,32062.12,4,275000.0,47708.11,183671.88,28
1166,STABLE_PRIME,65103.18,20072.07,1,195000.0,30708.84,88685.79,29
1167,STABLE_PRIME,102318.76,27924.39,9,307000.0,50587.87,589687.92,28
1168,STABLE_PRIME,70495.36,31487.85,6,352000.0,29317.69,144638.7,28
1169,STABLE_PRIME,84284.33,23735.76,2,253000.0,48320.53,121313.17,28
1170,STABLE_PRIME,77933.38,34630.99,2,779000.0,31852.42,155925.3,30
1171,LIQUIDITY_SHOCK,72901.49,16844.25,6,219000.0,45117.39,414157.84,30
1172,LIQUIDITY_SHOCK,64463.52,22970.04,4,322000.0,33413.25,261805.04,30
1173,STABLE_PRIME,82421.02,27767.49,6,412000.0,33941.85,280603.96,30
1174,STABLE_PRIME,79457.18,20799.97,9,238000.0,46217.75,324082.79,30
1175,INCOME_INSTABILITY,49090.99,12053.28,7,147000.0,33938.03,210774.07,30
1176,STABLE_PRIME,92589.87,20405.11,3,926000.0,50626.39,194698.49,29
1177,STABLE_PRIME,55038.83,17373.32,5,550000.0,28191.25,169494.1,28
1178,STABLE_PRIME,61572.9,19805.98,2,616000.0,27355.18,338867.01,29
1179,LIQUIDITY_SHOCK,84020.85,22766.59,3,252000.0,49051.59,279710.77,28
1180,OVERSPENDING,64819.51,22357.59,2,648000.0,34355.79,198681.89,29
1181,STABLE_PRIME,74715.85,31207.87,8,747000.0,32655.07,208917.97,29
1182,STABLE_PRIME,65123.85,26993.61,5,651000.0,27461.05,256722.34,28
1183,STABLE_PRIME,101095.78,42553.99,6,505000.0,44085.79,268353.38,28
1184,STABLE_PRIME,81111.24,28736.6,1,243000.0,39294.45,148856.13,28
1185,LIQUIDITY_SHOCK,74804.24,24938.09,1,224000.0,43100.65,338633.42,30
1186,SAVINGS_DEPLETION,56891.49,12190.24,5,284000.0,39025.32,68083.06,30
1187,STABLE_PRIME,82054.75,18227.55,1,246000.0,48763.85,321929.8,29
1188,STABLE_PRIME,114575.03,32170.68,9,1146000.0,65637.04,375084.2,30
1189,STABLE_PRIME,81802.97,27245.4,7,409000.0,39907.19,207750.89,29
1190,STABLE_PRIME,89148.54,37178.11,6,891000.0,36963.96,397881.49,30
1191,INCOME_INSTABILITY,31985.73,6537.21,2,96000.0,23223.56,164866.79,30
1192,STABLE_PRIME,101582.89,37049.45,5,305000.0,48843.1,394743.61,29
1193,LIQUIDITY_SHOCK,74244.36,15743.74,9,223000.0,46803.93,225297.48,28
1194,OVERSPENDING,79364.54,31827.96,4,397000.0,38606.75,253241.26,29
1195,OVERSPENDING,65442.41,26759.13,1,327000.0,31728.75,243605.81,28
1196,STABLE_PRIME,105071.73,31007.18,9,315000.0,50905.47,229867.59,28
1197,STABLE_PRIME,108795.61,37726.56,8,544000.0,56646.77,458342.82,29
1198,STABLE_PRIME,99726.48,31892.08,5,299000.0,47225.2,269883.71,28
1199,STABLE_PRIME,80127.53,26714.57,7,401000.0,36532.62,379354.06,30
1200,STABLE_PRIME,80941.0,17630.57,9,809000.0,39294.07,234759.06,28
1201,STABLE_PRIME,103927.31,25107.06,4,312000.0,59989.17,251957.67,30
1202,INCOME_INSTABILITY,94115.52,35708.27,2,282000.0,54963.41,553740.56,29
1203,STABLE_PRIME,99683.4,36910.72,7,299000.0,47943.9,191683.77,30
1204,STABLE_PRIME,61105.09,19607.79,7,306000.0,25206.07,229213.32,28
1205,LIQUIDITY_SHOCK,65285.7,22876.3,6,196000.0,34133.61,353915.87,28
1206,OVERSPENDING,47287.29,24895.47,8,142000.0,19344.8,103292.13,28
1207,STABLE_PRIME,92163.31,38044.42,7,461000.0,35372.56,465208.1,30
1208,LIQUIDITY_SHOCK,86672.35,33301.11,2,260000.0,47137.4,180599.08,28
1209,STABLE_PRIME,66432.69,17110.51,7,664000.0,36377.36,143477.03,29
1210,LIQUIDITY_SHOCK,68003.76,21127.36,7,204000.0,39020.67,303445.09,30
1211,STABLE_PRIME,61757.03,21664.67,6,309000.0,25509.11,341369.64,28
1212,STABLE_PRIME,76274.79,22024.27,4,229000.0,40941.16,274230.66,29
1213,LIQUIDITY_SHOCK,47822.92,17218.26,8,239000.0,27330.17,189572.92,30
1214,STABLE_PRIME,67410.95,30236.16,2,337000.0,24762.23,255414.5,29
1215,STABLE_PRIME,66497.98,22949.7,4,199000.0,31933.35,124784.43,30
1216,OVERSPENDING,56077.96,28344.7,1,561000.0,23787.69,316049.19,28
1217,STABLE_PRIME,67153.58,13766.93,4,201000.0,32307.84,349881.31,28
1218,STABLE_PRIME,97199.45,34226.03,6,486000.0,39488.29,127870.26,28
1219,STABLE_PRIME,74705.21,22055.02,2,747000.0,38522.31,163998.61,28
1220,STABLE_PRIME,68449.5,22514.4,3,342000.0,31230.41,238534.01,29
1221,STABLE_PRIME,52706.64,17144.85,1,264000.0,25668.2,194944.11,28
1222,STABLE_PRIME,93526.62,20597.35,5,935000.0,53899.41,174672.42,29
1223,STABLE_PRIME,93993.91,32264.38,9,470000.0,37564.6,156276.47,29
1224,STABLE_PRIME,69648.71,28370.23,4,696000.0,25607.01,401454.31,29
1225,STABLE_PRIME,89525.84,19430.96,2,269000.0,50923.44,193622.61,28
1226,STABLE_PRIME,83942.52,27410.21,2,252000.0,41700.31,128291.32,29
1227,STABLE_PRIME,92297.52,32363.05,7,923000.0,47735.56,270644.42,28
1228,OVERSPENDING,51736.0,16268.13,8,517000.0,28392.5,306194.06,30
1229,STABLE_PRIME,84060.15,33260.41,3,841000.0,39881.55,374976.06,28
1230,STABLE_PRIME,61985.52,20564.34,7,310000.0,27968.44,102496.27,30
1231,STABLE_PRIME,98686.53,28810.53,6,493000.0,53180.91,185968.42,28
1232,OVERSPENDING,59641.31,18178.56,5,298000.0,35320.7,262712.48,30
1233,LIQUIDITY_SHOCK,57908.24,23659.91,5,174000.0,29715.56,289986.23,28
1234,STABLE_PRIME,64180.81,20848.07,7,193000.0,29066.82,220859.37,29
1235,STABLE_PRIME,73566.38,23468.01,9,221000.0,32690.62,218667.33,29
1236,STABLE_PRIME,89371.75,35947.18,1,447000.0,32665.58,505092.88,28
1237,SAVINGS_DEPLETION,51231.82,15194.7,6,154000.0,30647.94,208496.48,30
1238,STABLE_PRIME,91899.58,34008.08,8,276000.0,40382.54,434780.26,28
1239,STABLE_PRIME,74834.27,15193.39,5,225000.0,46862.74,219861.3,30
1240,STABLE_PRIME,103006.21,25370.32,5,309000.0,51839.5,443082.61,29
1241,STABLE_PRIME,75146.59,33212.16,8,225000.0,32858.38,441858.49,30
1242,STABLE_PRIME,89217.69,32205.45,7,446000.0,36777.07,488830.25,29
1243,OVERSPENDING,48892.55,26646.08,6,147000.0,19370.4,191273.19,30
1244,STABLE_PRIME,68895.56,15687.66,2,689000.0,42100.91,101624.99,30
1245,STABLE_PRIME,90464.1,21794.7,4,452000.0,49597.81,510361.16,30
1246,SAVINGS_DEPLETION,43913.36,18239.09,1,132000.0,21011.96,163361.35,28
1247,OVERSPENDING,70956.0,36223.01,8,355000.0,29660.1,346424.04,30
1248,STABLE_PRIME,72573.06,27721.95,2,218000.0,31040.95,321243.92,30
1249,INCOME_INSTABILITY,63186.8,15017.55,6,632000.0,43408.23,302723.23,28
1250,STABLE_PRIME,93482.64,39106.66,9,280000.0,36009.02,168302.24,29
1251,STABLE_PRIME,58588.56,22581.67,3,176000.0,22959.78,139997.98,30
1252,STABLE_PRIME,76292.15,29240.33,7,763000.0,32417.91,148016.2,28
1253,STABLE_PRIME,93828.68,31061.03,6,281000.0,43451.59,99004.08,28
1254,INCOME_INSTABILITY,30000.0,8292.03,8,300000.0,20299.36,179450.15,30
1255,STABLE_PRIME,68405.38,28836.21,3,342000.0,25940.98,202317.69,28
1256,STABLE_PRIME,79090.28,23773.1,7,237000.0,39964.74,333098.81,28
1257,STABLE_PRIME,78822.61,26812.69,8,394000.0,35767.38,315041.73,30
1258,STABLE_PRIME,84894.36,18221.53,6,255000.0,52310.72,419639.16,30
1259,STABLE_PRIME,104686.13,29526.53,7,314000.0,57911.18,151062.31,28
1260,STABLE_PRIME,87847.72,31541.23,6,878000.0,40301.39,456721.29,30
1261,OVERSPENDING,66921.1,23471.51,4,201000.0,34975.56,394716.26,30
1262,STABLE_PRIME,87113.29,37909.08,3,436000.0,36423.66,185351.53,28
1263,SAVINGS_DEPLETION,38778.73,15537.12,5,194000.0,20484.92,161158.7,29
1264,OVERSPENDING,30000.0,14741.35,6,150000.0,12619.66,121533.77,28
1265,OVERSPENDING,58069.14,31308.19,8,290000.0,22326.78,140000.95,30
1266,STABLE_PRIME,81602.82,31812.82,9,245000.0,37123.92,191007.31,28
1267,STABLE_PRIME,90510.48,19519.79,9,272000.0,56315.3,331458.75,28
1268,OVERSPENDING,58189.97,25433.68,8,582000.0,27081.43,314847.21,28
1269,STABLE_PRIME,81445.01,21586.14,9,244000.0,42873.4,481053.78,29
1270,STABLE_PRIME,72433.78,20076.81,5,217000.0,38343.49,138716.28,28
1271,STABLE_PRIME,94162.15,24740.32,7,471000.0,52409.08,358391.86,28
1272,INCOME_INSTABILITY,35160.53,13991.25,1,105000.0,18962.28,142910.01,29
1273,STABLE_PRIME,64050.57,15464.6,2,320000.0,34158.88,336257.59,29
1274,STABLE_PRIME,83152.33,22671.22,8,416000.0,39321.38,418424.01,29
1275,INCOME_INSTABILITY,67385.26,21853.98,7,202000.0,39639.58,122879.16,30
1276,OVERSPENDING,64291.49,23393.96,9,321000.0,36146.79,305619.09,28
1277,STABLE_PRIME,72440.21,22889.86,8,217000.0,38994.1,213962.45,30
1278,STABLE_PRIME,100575.83,39617.12,3,1006000.0,44128.99,203045.74,29
1279,STABLE_PRIME,92581.36,36048.45,5,278000.0,41193.6,237169.89,28
1280,STABLE_PRIME,86017.83,32168.5,2,860000.0,41378.31,349865.98,28
1281,INCOME_INSTABILITY,62055.47,27669.32,1,186000.0,31714.68,72413.65,28
1282,OVERSPENDING,53391.7,28935.04,3,160000.0,20057.9,267920.5,29
1283,STABLE_PRIME,99164.34,31865.45,5,297000.0,40535.26,458727.09,29
1284,STABLE_PRIME,82192.84,16697.63,9,822000.0,50271.06,298935.19,28
1285,SAVINGS_DEPLETION,71828.76,21172.01,3,215000.0,44528.53,192802.94,28
1286,SAVINGS_DEPLETION,81694.51,25961.86,9,245000.0,48407.43,185578.07,29
1287,SAVINGS_DEPLETION,64209.42,15631.17,5,321000.0,42092.05,96518.79,28
1288,STABLE_PRIME,88737.98,31363.94,7,444000.0,43704.56,416211.79,30
1289,SAVINGS_DEPLETION,65057.68,13517.61,2,325000.0,45077.07,167497.37,30
1290,STABLE_PRIME,78969.0,21307.34,3,395000.0,36476.29,281388.16,29
1291,STABLE_PRIME,92863.97,36290.2,5,464000.0,44483.89,445398.23,28
1292,OVERSPENDING,67616.66,35620.37,7,676000.0,27963.84,105140.34,29
1293,STABLE_PRIME,101645.5,34220.18,3,1016000.0,42281.56,598082.28,29
1294,STABLE_PRIME,84259.35,37205.63,6,253000.0,37387.24,207369.93,30
1295,SAVINGS_DEPLETION,56364.43,23101.82,7,282000.0,27610.24,261156.4,30
1296,LIQUIDITY_SHOCK,86394.32,21996.93,5,259000.0,55060.79,115915.66,28
1297,STABLE_PRIME,92980.45,29492.66,9,465000.0,50632.74,371158.2,30
1298,STABLE_PRIME,94834.16,39764.9,2,285000.0,43345.11,251503.98,29
1299,SAVINGS_DEPLETION,78332.68,17213.0,1,392000.0,53874.98,246427.8,30
1300,INCOME_INSTABILITY,46401.04,18924.36,3,139000.0,25927.99,217520.14,28
1301,INCOME_INSTABILITY,68237.57,27794.64,8,205000.0,35714.34,76815.7,30
1302,STABLE_PRIME,75188.86,26352.26,4,226000.0,31510.55,139318.17,28
1303,LIQUIDITY_SHOCK,38032.41,14287.19,4,380000.0,19965.69,135464.54,29
1304,OVERSPENDING,57508.43,21119.38,6,288000.0,29170.04,313846.5,29
1305,STABLE_PRIME,58750.33,12420.54,8,588000.0,32685.73,140064.99,28
1306,STABLE_PRIME,119446.65,37251.47,4,358000.0,58034.01,427960.99,29
1307,SAVINGS_DEPLETION,53920.67,22017.39,4,162000.0,28555.04,145278.65,28
1308,STABLE_PRIME,77614.73,20913.72,8,233000.0,44857.45,188045.87,28
1309,STABLE_PRIME,64856.43,21198.52,9,649000.0,31911.99,224904.79,30
1310,STABLE_PRIME,96371.59,28667.47,3,289000.0,51926.3,440433.91,28
1311,STABLE_PRIME,83691.77,36721.03,5,251000.0,29837.78,349999.54,30
1312,OVERSPENDING,55476.06,27742.95,4,277000.0,23114.73,81074.04,30
1313,STABLE_PRIME,93636.7,20389.57,3,936000.0,47593.37,444704.44,29
1314,LIQUIDITY_SHOCK,46915.21,9501.87,2,469000.0,31450.92,261150.46,28
1315,STABLE_PRIME,106163.99,38162.69,5,531000.0,52063.85,387494.05,30
1316,STABLE_PRIME,59543.54,20500.84,5,179000.0,27439.21,300106.18,30
1317,STABLE_PRIME,75316.46,27345.37,5,377000.0,31381.02,396104.78,30
1318,STABLE_PRIME,101770.23,26111.17,3,1018000.0,51595.16,538141.84,30
1319,OVERSPENDING,61577.5,32168.89,9,308000.0,26176.98,278818.57,28
1320,STABLE_PRIME,65996.58,13938.12,1,198000.0,34923.52,378373.07,30
1321,STABLE_PRIME,85663.89,30772.66,1,257000.0,36822.99,375687.83,28
1322,STABLE_PRIME,89078.1,20159.69,1,267000.0,47420.16,522008.9,29
1323,STABLE_PRIME,102371.66,45146.35,4,512000.0,39995.29,122332.1,29
1324,INCOME_INSTABILITY,30000.0,7102.96,5,150000.0,21035.03,49507.17,29
1325,STABLE_PRIME,63235.4,17610.53,7,316000.0,27777.16,253872.07,28
1326,INCOME_INSTABILITY,30000.0,10060.56,5,90000.0,18263.76,113056.72,29
1327,STABLE_PRIME,62705.84,25686.65,3,314000.0,27787.29,321936.5,28
1328,STABLE_PRIME,82477.84,36422.57,7,825000.0,34354.95,150621.88,30
1329,STABLE_PRIME,77918.64,27782.56,4,779000.0,35656.34,382731.82,30
1330,SAVINGS_DEPLETION,73211.52,18326.89,5,220000.0,45989.69,247288.75,29
1331,STABLE_PRIME,114375.21,48879.81,6,343000.0,39768.43,376561.18,29
1332,STABLE_PRIME,79573.55,21400.66,6,239000.0,37298.01,457194.69,29
1333,INCOME_INSTABILITY,50602.43,21044.89,7,253000.0,26650.83,174937.19,30
1334,STABLE_PRIME,76065.08,24575.21,2,228000.0,35926.79,405266.06,29
1335,STABLE_PRIME,105616.57,37021.7,4,1056000.0,48792.14,610488.68,30
1336,STABLE_PRIME,82076.38,34740.68,3,821000.0,29850.19,444634.31,30
1337,STABLE_PRIME,102006.55,26030.68,7,510000.0,46018.08,345212.34,28
1338,STABLE_PRIME,86185.0,31122.92,2,259000.0,37083.83,206309.6,29
1339,INCOME_INSTABILITY,66590.87,29929.61,8,333000.0,34795.7,342433.34,30
1340,STABLE_PRIME,83144.07,18063.66,8,249000.0,43826.37,424835.72,28
1341,OVERSPENDING,55722.34,25264.57,8,557000.0,24835.51,191581.15,29
1342,STABLE_PRIME,92054.83,31690.81,2,276000.0,40660.12,531669.7,30
1343,SAVINGS_DEPLETION,37729.95,8611.22,2,189000.0,24221.69,83426.8,29
1344,STABLE_PRIME,82579.53,21313.45,7,826000.0,45394.61,414335.69,29
1345,STABLE_PRIME,74356.42,15280.74,7,223000.0,44115.73,387482.71,28
1346,LIQUIDITY_SHOCK,60719.19,21977.58,6,607000.0,33481.22,330512.5,30
1347,SAVINGS_DEPLETION,63328.52,25670.72,6,317000.0,32182.56,139934.4,29
1348,SAVINGS_DEPLETION,62838.98,14812.34,7,314000.0,40725.77,188971.15,30
1349,STABLE_PRIME,105545.63,37720.89,9,317000.0,52444.42,273145.13,30
1350,STABLE_PRIME,95602.26,40528.83,8,478000.0,37521.69,318818.25,29
1351,STABLE_PRIME,98953.84,27614.81,9,297000.0,46500.15,163239.17,28
1352,SAVINGS_DEPLETION,72329.06,22310.21,1,362000.0,40555.92,208784.36,30
1353,STABLE_PRIME,75044.19,24273.31,1,750000.0,33640.59,391824.01,30
1354,STABLE_PRIME,92833.66,40987.16,1,928000.0,34567.25,531000.29,28
1355,STABLE_PRIME,72753.94,26266.89,1,218000.0,29920.71,254118.89,30
1356,STABLE_PRIME,63342.18,18507.11,9,633000.0,33995.0,306439.2,29
1357,STABLE_PRIME,50557.29,19207.39,9,152000.0,22472.87,270421.61,29
1358,SAVINGS_DEPLETION,68045.77,18632.66,8,680000.0,41468.71,110820.79,30
1359,STABLE_PRIME,68922.14,20592.75,8,345000.0,32430.64,137573.86,28
1360,STABLE_PRIME,76838.29,25277.14,5,384000.0,40098.98,82483.36,28
1361,INCOME_INSTABILITY,41744.14,15751.97,3,125000.0,22513.73,195404.42,29
1362,STABLE_PRIME,83839.41,36962.69,6,252000.0,33150.33,214571.83,30
1363,STABLE_PRIME,85225.29,35307.34,6,256000.0,38621.34,117774.93,30
1364,SAVINGS_DEPLETION,55751.51,15238.4,1,558000.0,36390.69,200136.92,28
1365,STABLE_PRIME,76395.97,21005.08,4,229000.0,44297.72,448518.64,30
1366,LIQUIDITY_SHOCK,75143.21,20498.02,6,751000.0,45868.37,188953.5,30
1367,OVERSPENDING,62156.62,28021.63,7,311000.0,27521.75,243097.27,28
1368,STABLE_PRIME,116896.53,39782.62,6,351000.0,51749.74,236704.5,29
1369,STABLE_PRIME,91494.65,32535.81,3,915000.0,45506.76,540574.79,30
1370,STABLE_PRIME,101842.96,28957.52,6,306000.0,44498.09,555116.0,28
1371,LIQUIDITY_SHOCK,66210.53,28646.1,4,199000.0,31215.68,214413.99,29
1372,STABLE_PRIME,100533.75,43960.17,5,503000.0,41250.42,238618.77,29
1373,OVERSPENDING,50571.84,17451.18,3,253000.0,27997.36,269032.5,28
1374,STABLE_PRIME,91717.93,40370.26,4,917000.0,38593.14,320203.79,30
1375,INCOME_INSTABILITY,52421.88,13885.79,9,262000.0,34414.5,207999.78,30
1376,STABLE_PRIME,93027.12,34845.89,5,465000.0,42413.64,542837.76,28
1377,SAVINGS_DEPLETION,69112.66,19178.76,1,691000.0,41080.17,299465.3,30
1378,INCOME_INSTABILITY,56246.33,22996.42,4,169000.0,29582.23,162266.6,29
1379,SAVINGS_DEPLETION,65007.16,26134.17,8,325000.0,34806.66,232297.77,30
1380,STABLE_PRIME,76640.8,15336.64,4,230000.0,38074.26,135580.26,30
1381,INCOME_INSTABILITY,30000.0,6336.83,7,90000.0,20129.65,125316.55,28
1382,STABLE_PRIME,83731.56,29767.4,4,251000.0,40197.38,319885.53,30
1383,STABLE_PRIME,74915.83,31881.11,4,749000.0,27135.35,264437.1,30
1384,OVERSPENDING,65297.06,26631.09,8,653000.0,33929.81,204870.12,29
1385,SAVINGS_DEPLETION,49620.59,15259.61,7,496000.0,30430.73,259478.37,28
1386,STABLE_PRIME,83086.76,20868.9,8,249000.0,43583.11,205928.33,30
1387,STABLE_PRIME,107667.32,31340.73,3,323000.0,51351.89,355303.46,30
1388,SAVINGS_DEPLETION,54257.19,21311.18,4,543000.0,27366.22,194148.35,28
1389,STABLE_PRIME,99365.91,30436.48,5,994000.0,51249.41,162893.92,29
1390,STABLE_PRIME,75252.68,28654.87,8,753000.0,33902.92,151851.77,28
1391,STABLE_PRIME,87009.4,17433.94,4,435000.0,52454.1,405344.04,30
1392,STABLE_PRIME,93866.63,37969.68,3,469000.0,34700.37,152700.58,30
1393,INCOME_INSTABILITY,72936.96,18607.83,6,219000.0,49408.26,270767.9,28
1394,STABLE_PRIME,107460.53,28719.36,9,322000.0,62667.41,619091.85,29
1395,STABLE_PRIME,77431.71,33861.06,9,774000.0,31704.54,371287.11,29
1396,OVERSPENDING,49830.84,20540.44,2,498000.0,23513.1,227808.34,30
1397,SAVINGS_DEPLETION,66465.67,15372.27,9,199000.0,45360.57,76720.63,28
1398,STABLE_PRIME,65513.25,27131.28,1,655000.0,23194.03,208110.77,28
1399,STABLE_PRIME,66666.82,21777.93,4,333000.0,31579.33,72020.79,30
1400,SAVINGS_DEPLETION,59276.53,22300.88,3,296000.0,32409.25,221229.0,28
1401,STABLE_PRIME,91821.93,25453.83,6,275000.0,47392.19,533261.97,29
1402,STABLE_PRIME,70054.12,16765.23,4,701000.0,33408.98,180932.17,29
1403,LIQUIDITY_SHOCK,56641.52,14875.03,8,566000.0,34262.39,218564.34,30
1404,INCOME_INSTABILITY,46394.94,12837.21,1,232000.0,30914.61,123886.07,28
1405,SAVINGS_DEPLETION,52322.83,13697.22,1,262000.0,32424.25,74277.36,28
1406,LIQUIDITY_SHOCK,54813.15,23904.68,4,274000.0,26661.89,255836.73,30
1407,STABLE_PRIME,82550.19,32007.59,8,248000.0,36205.34,216799.04,30
1408,STABLE_PRIME,65075.28,14858.37,9,195000.0,30424.65,126836.69,28
1409,STABLE_PRIME,86162.11,18827.33,3,431000.0,46868.99,308800.65,30
1410,STABLE_PRIME,99226.7,34819.57,7,992000.0,39049.56,136726.26,29
1411,STABLE_PRIME,65710.68,24572.47,3,657000.0,29369.6,278779.14,29
1412,LIQUIDITY_SHOCK,49141.02,15365.0,6,147000.0,28494.6,178322.02,30
1413,STABLE_PRIME,106825.91,46649.1,9,534000.0,37717.67,433851.08,30
1414,OVERSPENDING,57421.08,27291.37,9,172000.0,25346.36,174603.62,28
1415,STABLE_PRIME,89151.9,29910.24,3,267000.0,36300.12,187434.6,28
1416,SAVINGS_DEPLETION,66775.27,15056.04,2,668000.0,41494.3,211538.31,30
1417,SAVINGS_DEPLETION,47764.03,19191.46,4,143000.0,25474.44,170213.42,30
1418,STABLE_PRIME,111243.76,28979.61,4,334000.0,55319.54,162077.42,28
1419,SAVINGS_DEPLETION,76577.45,32765.98,1,230000.0,39211.18,82632.12,30
1420,STABLE_PRIME,83992.33,29538.67,2,420000.0,35582.92,483581.91,29
1421,SAVINGS_DEPLETION,51410.88,16625.01,8,257000.0,29974.0,153576.68,29
1422,OVERSPENDING,61852.04,24294.14,9,186000.0,33545.0,242598.83,28
1423,STABLE_PRIME,110679.06,47460.76,5,332000.0,39635.43,130052.27,30
1424,STABLE_PRIME,64920.91,19924.25,4,325000.0,29648.65,275693.9,28
1425,OVERSPENDING,68315.02,29035.25,9,205000.0,33704.44,171144.87,30
1426,STABLE_PRIME,96897.54,37897.61,6,484000.0,45956.3,294945.1,29
1427,STABLE_PRIME,84751.96,18443.98,5,424000.0,50918.4,458377.02,28
1428,SAVINGS_DEPLETION,76312.94,32901.58,8,382000.0,39035.65,280661.36,28
1429,OVERSPENDING,57130.52,29602.69,7,286000.0,24564.08,318156.54,28
1430,STABLE_PRIME,86288.4,36161.73,5,259000.0,30666.28,255728.92,30
1431,SAVINGS_DEPLETION,33368.4,11024.91,5,167000.0,19329.59,180919.53,30
1432,STABLE_PRIME,81807.88,25752.9,7,245000.0,41526.17,377105.36,30
1433,STABLE_PRIME,84439.39,32522.38,5,422000.0,37072.81,309001.34,29
1434,STABLE_PRIME,54080.12,20718.28,3,270000.0,23925.77,86932.54,30
1435,STABLE_PRIME,93264.8,30759.3,7,933000.0,47224.64,206921.71,30
1436,STABLE_PRIME,100320.75,30822.15,3,1003000.0,49819.72,449652.55,30
1437,OVERSPENDING,85061.31,32483.9,6,255000.0,46248.84,353607.93,30
1438,STABLE_PRIME,71118.63,16763.41,1,711000.0,39818.39,111757.87,29
1439,SAVINGS_DEPLETION,63064.61,20619.05,5,189000.0,37333.77,68779.53,28
1440,SAVINGS_DEPLETION,49121.16,12549.23,9,246000.0,29675.85,226803.13,28
1441,STABLE_PRIME,110640.79,27755.25,3,553000.0,51817.21,548533.92,29
1442,STABLE_PRIME,79573.6,16180.65,9,398000.0,44573.56,438360.64,29
1443,STABLE_PRIME,103229.82,30695.52,9,1032000.0,45299.84,137587.15,28
1444,INCOME_INSTABILITY,60730.8,15661.69,3,607000.0,38357.34,81987.65,29
1445,STABLE_PRIME,41294.91,12074.37,4,413000.0,22974.87,176892.85,30
1446,INCOME_INSTABILITY,67202.35,19711.14,2,202000.0,41116.34,102039.57,28
1447,STABLE_PRIME,78930.94,26600.36,7,395000.0,37405.15,378277.26,30
1448,LIQUIDITY_SHOCK,76840.44,19113.58,6,231000.0,50973.5,137805.21,30
1449,LIQUIDITY_SHOCK,68374.84,26910.67,5,205000.0,35521.67,284573.12,29
1450,STABLE_PRIME,109608.0,38047.81,9,329000.0,51720.67,227388.73,29
1451,SAVINGS_DEPLETION,52133.05,20146.21,1,261000.0,26471.21,233596.77,30
1452,SAVINGS_DEPLETION,73300.05,27347.5,3,367000.0,40107.64,347527.58,28
1453,STABLE_PRIME,93951.74,23274.82,4,940000.0,52731.88,218266.35,30
1454,OVERSPENDING,58121.92,28867.82,5,174000.0,23452.11,183765.87,28
1455,STABLE_PRIME,104624.74,31786.07,3,1046000.0,54424.99,396181.01,29
1456,LIQUIDITY_SHOCK,68149.71,19172.06,7,204000.0,39730.09,349408.92,29
1457,OVERSPENDING,56375.45,26874.71,6,564000.0,24153.1,337940.58,30
1458,INCOME_INSTABILITY,57049.32,18053.63,1,570000.0,37023.61,63446.23,30
1459,SAVINGS_DEPLETION,72502.23,14748.74,5,725000.0,49633.28,78209.21,30
1460,OVERSPENDING,76018.84,38714.87,3,760000.0,33428.32,313431.01,28
1461,STABLE_PRIME,94446.25,20526.2,3,944000.0,53361.5,413733.78,28
1462,STABLE_PRIME,92497.96,39985.47,7,277000.0,32261.76,385287.61,28
1463,INCOME_INSTABILITY,30000.0,10871.32,1,150000.0,16295.5,137265.02,28
1464,STABLE_PRIME,99073.33,42726.54,5,991000.0,43837.09,441314.21,30
1465,INCOME_INSTABILITY,37901.25,12836.09,1,379000.0,23636.95,151472.75,30
1466,STABLE_PRIME,86396.2,37771.22,2,432000.0,34495.43,422953.71,30
1467,STABLE_PRIME,76985.3,24151.68,4,385000.0,37474.05,427350.45,29
1468,STABLE_PRIME,88619.83,38135.49,8,886000.0,37590.51,111656.27,28
1469,STABLE_PRIME,67734.79,23823.12,4,677000.0,34386.65,366755.03,29
1470,STABLE_PRIME,91626.64,26925.43,7,916000.0,42916.91,148994.34,30
1471,STABLE_PRIME,85021.93,30238.7,7,255000.0,33994.46,282701.95,30
1472,OVERSPENDING,55751.26,22244.22,1,279000.0,28697.46,317214.99,30
1473,STABLE_PRIME,72042.03,21904.7,2,720000.0,32194.09,241019.21,29
1474,INCOME_INSTABILITY,42767.95,19088.45,9,428000.0,21240.8,213474.78,29
1475,LIQUIDITY_SHOCK,50747.79,10409.9,7,152000.0,35417.85,140494.42,28
1476,STABLE_PRIME,93925.44,26830.86,8,939000.0,51704.13,221366.28,29
1477,STABLE_PRIME,76638.65,26122.45,5,383000.0,37357.55,375742.47,29
1478,STABLE_PRIME,82588.94,24688.06,7,413000.0,34923.09,199005.91,29
1479,STABLE_PRIME,100537.71,34541.93,3,302000.0,43227.15,533957.27,30
1480,STABLE_PRIME,87609.42,38119.28,5,438000.0,32018.53,293871.49,28
1481,STABLE_PRIME,69413.9,28428.99,7,208000.0,28827.3,367822.39,29
1482,STABLE_PRIME,74291.64,31635.2,1,223000.0,29741.34,139479.43,30
1483,OVERSPENDING,80282.13,41538.1,6,803000.0,32882.46,454526.42,28
1484,LIQUIDITY_SHOCK,62601.31,16881.12,3,188000.0,40301.11,189856.24,29
1485,LIQUIDITY_SHOCK,46832.37,15908.56,9,234000.0,26048.32,134537.28,30
1486,INCOME_INSTABILITY,38903.92,13355.94,5,195000.0,22406.95,231190.74,30
1487,STABLE_PRIME,96083.73,40212.77,7,961000.0,42258.48,222552.67,28
1488,LIQUIDITY_SHOCK,53030.11,13682.51,4,159000.0,33931.29,200013.01,28
1489,STABLE_PRIME,86956.81,37407.51,7,435000.0,34821.96,352149.68,30
1490,STABLE_PRIME,83956.33,32755.05,7,420000.0,36186.0,403168.49,30
1491,STABLE_PRIME,98349.81,38588.75,2,295000.0,35861.92,429985.21,29
1492,STABLE_PRIME,87118.86,37256.5,5,871000.0,33755.53,359941.29,29
1493,STABLE_PRIME,53041.5,21736.15,1,530000.0,22300.82,252937.44,28
1494,STABLE_PRIME,107978.5,26701.44,1,1080000.0,50148.5,540673.06,29
1495,STABLE_PRIME,82115.51,29797.99,1,411000.0,35905.88,360237.94,28
1496,SAVINGS_DEPLETION,57616.32,22318.05,3,288000.0,30645.78,82837.47,28
1497,STABLE_PRIME,94494.51,19610.07,3,472000.0,54739.28,410043.78,30
1498,LIQUIDITY_SHOCK,80393.93,22020.99,6,804000.0,51413.08,321426.03,29
1499,STABLE_PRIME,101170.05,44599.81,4,506000.0,42069.97,463384.11,28
1500,STABLE_PRIME,105849.46,24934.3,8,1058000.0,60231.15,555463.16,29
1501,STABLE_PRIME,80443.6,34902.16,8,402000.0,28831.64,453955.55,30
1502,STABLE_PRIME,89860.86,39720.21,9,899000.0,38603.56,315195.02,29
1503,STABLE_PRIME,67784.63,28889.24,4,339000.0,30648.82,127839.27,28
1504,STABLE_PRIME,101602.75,38535.91,7,1016000.0,47306.97,282846.17,30
1505,STABLE_PRIME,83289.11,18887.0,6,250000.0,47672.29,387174.4,30
1506,STABLE_PRIME,103346.25,39657.21,1,517000.0,49424.08,455836.09,29
1507,STABLE_PRIME,81117.18,25021.49,5,243000.0,38189.03,239344.46,29
1508,INCOME_INSTABILITY,70274.13,30420.88,3,351000.0,35235.61,254091.25,30
1509,STABLE_PRIME,72305.26,31500.86,8,723000.0,28068.7,164110.44,28
1510,STABLE_PRIME,81865.0,28347.36,5,246000.0,41827.59,448496.57,29
1511,OVERSPENDING,52313.65,24309.07,7,262000.0,25113.26,258819.75,30
1512,STABLE_PRIME,78104.85,16241.48,5,781000.0,39672.1,134461.09,30
1513,STABLE_PRIME,62113.96,19533.74,8,186000.0,28170.98,252794.6,28
1514,STABLE_PRIME,94667.59,20742.61,3,284000.0,48122.51,470464.52,29
1515,SAVINGS_DEPLETION,63670.46,16061.82,1,318000.0,41285.36,212243.3,29
1516,INCOME_INSTABILITY,30000.0,10323.54,1,300000.0,18417.95,75492.88,30
1517,STABLE_PRIME,89004.8,19504.7,7,267000.0,46159.2,356767.82,30
1518,STABLE_PRIME,67790.17,30016.66,1,203000.0,25259.83,310056.4,28
1519,STABLE_PRIME,80313.67,26348.92,3,241000.0,40590.75,340624.7,30
1520,STABLE_PRIME,91049.51,26710.69,2,273000.0,43598.15,293231.87,28
1521,STABLE_PRIME,91414.26,24638.42,4,914000.0,46238.49,104740.26,29
1522,STABLE_PRIME,86486.04,19367.01,8,865000.0,44162.78,402802.81,28
1523,STABLE_PRIME,62240.41,13229.42,3,622000.0,31009.26,259982.65,28
1524,STABLE_PRIME,80922.7,31983.96,7,405000.0,38729.6,414514.98,28
1525,LIQUIDITY_SHOCK,52802.05,23010.8,4,158000.0,26788.12,294387.48,29
1526,SAVINGS_DEPLETION,88202.47,30276.43,8,882000.0,50346.6,334907.17,29
1527,STABLE_PRIME,45035.02,19880.11,4,135000.0,15201.84,209045.98,28
1528,SAVINGS_DEPLETION,57136.72,16887.5,7,571000.0,35691.38,186952.24,29
1529,STABLE_PRIME,104298.47,38056.06,1,521000.0,44998.09,167079.68,28
1530,STABLE_PRIME,83429.3,32877.2,2,250000.0,31171.01,319292.26,30
1531,OVERSPENDING,30000.0,9630.96,7,300000.0,16503.07,32488.87,29
1532,STABLE_PRIME,76312.0,31100.02,6,229000.0,34044.67,192536.07,28
1533,STABLE_PRIME,81625.4,35230.82,2,408000.0,29057.76,168841.38,28
1534,STABLE_PRIME,91508.28,36182.73,4,915000.0,33784.48,94371.33,29
1535,STABLE_PRIME,95078.3,25468.91,7,951000.0,45810.79,273217.94,29
1536,STABLE_PRIME,82245.05,21009.13,1,247000.0,46988.33,118264.81,29
1537,STABLE_PRIME,72478.55,20610.26,5,362000.0,36825.88,173856.46,29
1538,OVERSPENDING,59868.75,22965.67,4,599000.0,31581.26,218503.14,30
1539,STABLE_PRIME,75137.73,20595.1,7,225000.0,41358.71,131209.05,29
1540,STABLE_PRIME,70155.79,28542.12,3,702000.0,31865.29,351779.1,30
1541,LIQUIDITY_SHOCK,57073.16,24057.57,4,571000.0,28856.2,141908.76,30
1542,STABLE_PRIME,97936.5,23042.2,4,490000.0,48074.35,292336.62,30
1543,OVERSPENDING,64086.1,29980.61,2,192000.0,29465.52,382139.56,29
1544,STABLE_PRIME,103613.19,37246.4,5,518000.0,46362.75,328641.1,29
1545,STABLE_PRIME,74458.78,25394.76,7,223000.0,36010.2,234404.76,28
1546,STABLE_PRIME,88261.95,23247.85,1,265000.0,45203.0,305488.87,28
1547,LIQUIDITY_SHOCK,49873.19,19842.84,8,499000.0,24682.19,81282.13,29
1548,LIQUIDITY_SHOCK,54562.73,19018.41,2,164000.0,29585.37,240766.9,29
1549,STABLE_PRIME,98420.85,38595.28,8,295000.0,44559.01,406148.5,28
1550,LIQUIDITY_SHOCK,69137.06,15936.22,2,691000.0,46751.12,108351.88,29
1551,STABLE_PRIME,66100.28,20018.05,9,331000.0,31389.91,70622.33,28
1552,STABLE_PRIME,86138.16,29031.69,8,431000.0,40815.16,213593.36,30
1553,SAVINGS_DEPLETION,56727.67,22775.86,5,170000.0,29205.74,63729.04,28
1554,STABLE_PRIME,87944.57,37756.1,6,440000.0,36728.34,402222.76,29
1555,STABLE_PRIME,73032.79,31043.76,9,219000.0,27730.96,378868.88,29
1556,STABLE_PRIME,97630.58,42085.78,5,976000.0,43528.59,387330.46,30
1557,STABLE_PRIME,72860.68,31015.07,7,364000.0,27746.77,119261.81,29
1558,STABLE_PRIME,88471.69,26586.34,8,885000.0,48228.06,220640.81,30
1559,STABLE_PRIME,94697.34,27381.65,3,473000.0,44264.96,100804.12,30
1560,SAVINGS_DEPLETION,61477.27,18197.93,2,184000.0,35436.01,365431.83,30
1561,STABLE_PRIME,98865.01,27556.61,7,989000.0,55692.36,509017.83,29
1562,STABLE_PRIME,101034.39,34925.43,1,1010000.0,39723.97,266195.83,30
1563,STABLE_PRIME,86367.82,35833.07,8,259000.0,35485.14,386346.5,28
1564,LIQUIDITY_SHOCK,62599.5,23484.38,9,626000.0,32491.28,335802.32,29
1565,INCOME_INSTABILITY,30000.0,11852.61,9,150000.0,17072.16,76129.47,30
1566,LIQUIDITY_SHOCK,55662.45,24539.9,3,278000.0,27619.55,138620.55,28
1567,STABLE_PRIME,91246.69,19550.22,7,912000.0,56123.54,358411.38,30
1568,STABLE_PRIME,83886.3,27749.86,3,419000.0,34439.2,189713.87,29
1569,LIQUIDITY_SHOCK,58029.55,25780.09,8,580000.0,28528.13,97399.21,30
1570,STABLE_PRIME,77212.64,28988.29,3,232000.0,36747.57,281715.71,28
1571,STABLE_PRIME,117460.11,46001.12,6,587000.0,56354.26,312063.45,29
1572,LIQUIDITY_SHOCK,62437.79,18263.44,9,624000.0,38399.71,309071.7,29
1573,STABLE_PRIME,92451.63,27223.29,6,277000.0,39537.22,249298.26,29
1574,STABLE_PRIME,54025.64,12360.34,8,162000.0,29993.15,166081.75,29
1575,LIQUIDITY_SHOCK,51768.02,16273.84,6,518000.0,29756.81,159176.43,30
1576,LIQUIDITY_SHOCK,89334.99,26833.14,4,268000.0,52615.7,145984.11,28
1577,LIQUIDITY_SHOCK,53492.61,18989.46,6,267000.0,30921.43,110974.85,30
1578,STABLE_PRIME,88188.61,35341.85,2,882000.0,38625.9,387320.8,29
1579,STABLE_PRIME,100404.79,42139.12,3,1004000.0,44607.2,537134.44,30
1580,STABLE_PRIME,92583.84,20372.77,2,463000.0,45804.37,259139.43,29
1581,STABLE_PRIME,107336.7,24804.06,7,537000.0,50495.45,202412.07,29
1582,LIQUIDITY_SHOCK,58293.77,26168.63,9,291000.0,27554.84,198571.31,28
1583,OVERSPENDING,76887.11,29637.04,6,231000.0,39605.33,81849.1,28
1584,STABLE_PRIME,82375.83,24320.47,6,412000.0,38967.26,329281.38,30
1585,STABLE_PRIME,68951.57,29399.9,4,690000.0,25691.75,271669.35,28
1586,STABLE_PRIME,84143.55,17135.14,7,841000.0,47637.8,347365.95,28
1587,STABLE_PRIME,96004.68,38998.39,5,480000.0,36260.45,232026.06,30
1588,STABLE_PRIME,76112.36,18331.03,3,381000.0,41119.11,153097.7,30
1589,STABLE_PRIME,88524.67,36622.78,3,885000.0,37524.0,257953.85,30
1590,STABLE_PRIME,81527.73,27582.68,3,245000.0,42877.58,308938.58,28
1591,STABLE_PRIME,84819.82,33457.42,2,254000.0,31664.48,467681.12,28
1592,LIQUIDITY_SHOCK,54144.08,13128.41,1,271000.0,36597.51,259013.93,29
1593,STABLE_PRIME,97314.5,43536.21,5,973000.0,39170.61,120170.27,29
1594,STABLE_PRIME,73159.79,26894.17,3,732000.0,36973.75,353351.41,28
1595,STABLE_PRIME,86531.12,24561.25,9,433000.0,49278.38,104455.22,29
1596,STABLE_PRIME,71261.13,18473.09,9,356000.0,38079.74,291290.24,29
1597,LIQUIDITY_SHOCK,73611.54,23465.33,2,736000.0,42388.94,202408.85,30
1598,SAVINGS_DEPLETION,74329.14,28435.42,8,223000.0,36891.14,308732.58,30
1599,INCOME_INSTABILITY,30000.0,11993.68,2,300000.0,16780.28,70897.6,30
1600,STABLE_PRIME,73597.29,32331.23,3,368000.0,31517.15,313625.69,29
1601,STABLE_PRIME,85577.6,38435.6,3,257000.0,32814.49,142490.9,30
1602,INCOME_INSTABILITY,72361.97,22041.27,2,724000.0,45370.14,160571.91,28
1603,STABLE_PRIME,67468.88,23112.93,2,675000.0,30574.81,346620.97,30
1604,STABLE_PRIME,89962.77,33622.53,9,900000.0,42129.4,178016.35,28
1605,STABLE_PRIME,106765.02,28328.31,5,320000.0,60660.1,477248.94,29
1606,STABLE_PRIME,84973.95,32600.43,2,850000.0,38906.97,159075.18,30
1607,STABLE_PRIME,81581.68,30887.11,4,245000.0,40242.05,132723.34,30
1608,SAVINGS_DEPLETION,62748.9,21914.19,3,627000.0,33114.26,197556.54,29
1609,INCOME_INSTABILITY,66486.36,16302.21,2,665000.0,44803.79,194383.7,28
1610,STABLE_PRIME,61660.45,13589.58,7,617000.0,32539.94,114635.86,29
1611,OVERSPENDING,82352.96,25006.66,9,824000.0,48291.44,88060.9,30
1612,SAVINGS_DEPLETION,46649.06,13210.79,9,140000.0,29204.99,153596.36,30
1613,LIQUIDITY_SHOCK,47636.32,20623.44,9,476000.0,22477.24,59359.84,29
1614,STABLE_PRIME,79107.97,33852.79,9,791000.0,32976.8,202752.94,30
1615,LIQUIDITY_SHOCK,43645.06,9642.56,3,131000.0,27869.29,210774.81,28
1616,STABLE_PRIME,78975.88,34852.25,7,395000.0,33688.77,365702.28,30
1617,STABLE_PRIME,82681.92,29873.36,5,827000.0,37732.07,247334.91,30
1618,STABLE_PRIME,92263.86,36102.71,1,923000.0,41292.71,533419.78,30
1619,STABLE_PRIME,93006.19,39603.15,6,930000.0,34306.43,208584.9,30
1620,SAVINGS_DEPLETION,69394.48,27144.54,9,347000.0,34403.16,308917.48,30
1621,SAVINGS_DEPLETION,54826.49,11702.34,8,548000.0,37396.58,194790.42,30
1622,STABLE_PRIME,84784.68,31426.56,7,424000.0,41787.36,484787.86,30
1623,INCOME_INSTABILITY,42397.55,17579.15,9,127000.0,22800.86,191857.57,30
1624,STABLE_PRIME,103980.49,28780.39,7,1040000.0,50559.28,602812.44,29
1625,STABLE_PRIME,107299.95,43471.29,5,322000.0,48579.55,208803.45,28
1626,STABLE_PRIME,72097.11,29371.69,4,721000.0,27098.95,110092.78,29
1627,LIQUIDITY_SHOCK,87537.22,25451.07,1,875000.0,51549.98,355404.86,29
1628,SAVINGS_DEPLETION,72782.06,19083.31,9,364000.0,46876.01,354996.44,28
1629,STABLE_PRIME,106789.25,35888.06,1,534000.0,56569.01,303888.14,29
1630,STABLE_PRIME,44165.83,14414.85,9,221000.0,18565.12,58106.76,30
1631,STABLE_PRIME,99138.18,36263.41,8,496000.0,49377.26,304922.1,28
1632,STABLE_PRIME,91471.81,24625.81,7,457000.0,51640.38,517192.61,30
1633,STABLE_PRIME,98172.93,44073.13,5,295000.0,36830.6,550107.8,30
1634,STABLE_PRIME,79441.26,15892.76,4,397000.0,48047.3,414635.47,29
1635,SAVINGS_DEPLETION,43823.43,16793.79,1,219000.0,22291.76,202197.95,30
1636,STABLE_PRIME,85508.51,25114.38,1,428000.0,44101.82,132796.26,29
1637,STABLE_PRIME,69372.29,26886.28,8,208000.0,32012.04,205276.38,29
1638,STABLE_PRIME,98049.03,41118.14,2,980000.0,36264.16,427291.68,29
1639,OVERSPENDING,73382.0,40155.37,8,367000.0,28373.1,435484.0,29
1640,STABLE_PRIME,88386.42,19828.76,5,442000.0,43088.07,241109.14,30
1641,STABLE_PRIME,85264.2,19650.83,6,853000.0,39971.11,85519.11,28
1642,INCOME_INSTABILITY,47311.96,14526.61,9,473000.0,30539.82,100283.52,29
1643,STABLE_PRIME,68253.93,29098.34,3,205000.0,24465.16,251529.83,28
1644,INCOME_INSTABILITY,41993.59,11762.42,9,420000.0,27818.52,206432.39,29
1645,OVERSPENDING,56079.65,21398.34,2,561000.0,30229.59,269430.72,28
1646,SAVINGS_DEPLETION,50343.31,13176.87,5,503000.0,29898.73,265294.84,29
1647,STABLE_PRIME,86276.19,37417.88,1,259000.0,31567.91,432667.0,30
1648,STABLE_PRIME,70099.62,20912.83,7,701000.0,35640.22,315776.13,29
1649,STABLE_PRIME,69761.82,27842.65,9,209000.0,29315.37,124096.95,28
1650,STABLE_PRIME,75497.83,33045.75,7,755000.0,32382.77,435483.79,29
1651,OVERSPENDING,67972.65,34885.71,9,204000.0,27463.49,115961.02,30
1652,SAVINGS_DEPLETION,88562.28,28299.17,3,886000.0,51357.78,366898.65,28
1653,STABLE_PRIME,87417.49,37538.1,3,437000.0,30545.5,360786.61,29
1654,INCOME_INSTABILITY,49956.23,21559.96,7,250000.0,25069.91,198942.44,28
1655,STABLE_PRIME,104247.1,25975.46,3,313000.0,60546.73,378460.0,29
1656,SAVINGS_DEPLETION,58200.71,14261.48,4,291000.0,36026.04,315355.89,30
1657,STABLE_PRIME,63502.72,13847.99,1,635000.0,35628.6,81201.2,28
1658,STABLE_PRIME,63567.14,16393.95,9,318000.0,32606.36,189834.2,29
1659,SAVINGS_DEPLETION,62662.6,14279.05,2,313000.0,41886.42,127140.66,30
1660,STABLE_PRIME,59028.53,24742.01,4,177000.0,26874.09,235929.06,28
1661,STABLE_PRIME,78289.86,22289.58,2,783000.0,36290.16,367151.18,30
1662,SAVINGS_DEPLETION,41607.59,17883.03,9,208000.0,19587.23,112784.16,28
1663,STABLE_PRIME,82055.79,23624.89,3,246000.0,41029.62,204824.38,28
1664,STABLE_PRIME,97983.38,43743.9,4,294000.0,34355.96,392611.59,29
1665,OVERSPENDING,67891.18,34710.04,1,204000.0,27191.62,74688.19,29
1666,LIQUIDITY_SHOCK,79377.35,28471.55,7,238000.0,43997.97,166345.57,29
1667,STABLE_PRIME,80169.58,31037.83,4,802000.0,36436.98,122709.79,28
1668,STABLE_PRIME,103407.28,45553.54,1,310000.0,42815.59,423086.11,29
1669,STABLE_PRIME,91815.46,23091.13,4,459000.0,53282.66,101954.57,30
1670,STABLE_PRIME,99404.57,23686.73,3,994000.0,52235.31,462852.83,29
1671,SAVINGS_DEPLETION,65549.8,18180.45,6,197000.0,40651.0,359670.89,29
1672,STABLE_PRIME,90426.79,22419.88,3,452000.0,49973.86,184015.62,28
1673,STABLE_PRIME,101266.44,41710.32,3,506000.0,38392.28,475885.36,28
1674,STABLE_PRIME,67486.99,14197.53,5,202000.0,40374.8,256364.39,29
1675,LIQUIDITY_SHOCK,66246.64,29034.58,6,662000.0,31870.65,152004.32,28
1676,SAVINGS_DEPLETION,61549.64,19730.88,7,308000.0,34243.0,112714.42,29
1677,OVERSPENDING,57883.74,25797.13,3,289000.0,25995.43,93023.48,29
1678,STABLE_PRIME,93521.55,32790.27,9,468000.0,41013.29,340725.47,30
1679,STABLE_PRIME,69255.17,27929.7,8,208000.0,27043.28,202763.05,28
1680,LIQUIDITY_SHOCK,39729.8,11392.54,7,397000.0,23921.83,139525.47,28
1681,OVERSPENDING,54344.84,28021.41,6,272000.0,21489.35,304476.69,29
1682,STABLE_PRIME,76033.6,27994.73,5,380000.0,35312.32,309527.54,29
1683,STABLE_PRIME,87534.99,34641.98,9,438000.0,37285.49,172863.35,29
1684,SAVINGS_DEPLETION,61975.29,24665.17,9,310000.0,31839.52,180621.77,30
1685,STABLE_PRIME,84373.94,34677.55,2,844000.0,35404.7,262281.72,29
1686,LIQUIDITY_SHOCK,55362.54,15919.48,8,166000.0,32920.02,300288.6,28
1687,STABLE_PRIME,98598.49,43537.99,4,296000.0,35606.56,394784.47,28
1688,STABLE_PRIME,74070.21,28846.21,6,222000.0,31819.45,109490.85,29
1689,STABLE_PRIME,117227.24,50196.73,5,586000.0,47113.95,437496.22,28
1690,STABLE_PRIME,86247.85,33459.22,2,862000.0,41150.14,406846.26,29
1691,STABLE_PRIME,62197.36,13678.99,5,622000.0,32961.32,352213.32,30
1692,STABLE_PRIME,77481.31,28061.46,4,232000.0,30839.59,182681.73,29
1693,STABLE_PRIME,106398.89,45454.31,8,1064000.0,46296.0,266511.31,28
1694,STABLE_PRIME,94974.33,42631.86,5,285000.0,31989.53,165235.55,30
1695,SAVINGS_DEPLETION,48142.04,21087.36,4,481000.0,23791.87,53199.16,28
1696,STABLE_PRIME,62315.87,20336.24,5,312000.0,33269.72,260030.55,30
1697,STABLE_PRIME,71509.39,27735.33,6,215000.0,26830.04,190276.66,28
1698,OVERSPENDING,67792.38,26900.41,3,339000.0,36541.9,171003.02,30
1699,LIQUIDITY_SHOCK,69734.44,30972.86,2,209000.0,32103.6,221243.31,28
1700,SAVINGS_DEPLETION,63532.09,17058.19,4,191000.0,38789.04,256736.81,28
1701,STABLE_PRIME,109979.64,47409.73,4,330000.0,46405.67,269034.33,28
1702,STABLE_PRIME,67625.71,23386.78,6,676000.0,34883.35,73259.09,29
1703,LIQUIDITY_SHOCK,39821.07,14943.83,9,398000.0,21346.33,90874.29,28
1704,LIQUIDITY_SHOCK,56618.37,25181.47,3,566000.0,27135.55,198715.03,28
1705,OVERSPENDING,61181.98,30557.41,4,306000.0,25779.55,179278.78,30
1706,LIQUIDITY_SHOCK,50810.28,15461.11,7,254000.0,29871.04,192491.87,30
1707,SAVINGS_DEPLETION,59585.74,17901.0,1,298000.0,36218.28,309682.94,30
1708,STABLE_PRIME,80539.36,31814.01,7,242000.0,36077.61,147461.53,30
1709,INCOME_INSTABILITY,40072.33,17913.58,9,120000.0,20290.71,50587.65,29
1710,STABLE_PRIME,70417.71,14776.49,9,211000.0,42462.03,343105.24,28
1711,STABLE_PRIME,99734.79,43280.56,3,499000.0,40484.36,104977.46,29
1712,LIQUIDITY_SHOCK,76705.97,20152.07,6,230000.0,45318.41,419556.14,29
1713,STABLE_PRIME,89894.05,19265.12,7,449000.0,43149.03,215158.85,28
1714,STABLE_PRIME,60297.04,18164.01,1,181000.0,31355.33,76868.57,28
1715,STABLE_PRIME,94068.89,35981.39,6,282000.0,41270.56,215790.45,28
1716,SAVINGS_DEPLETION,81881.9,21672.32,1,819000.0,51822.93,407027.69,28
1717,SAVINGS_DEPLETION,57145.19,12733.74,4,171000.0,35758.46,61201.54,30
1718,STABLE_PRIME,101425.88,42273.73,6,1014000.0,44800.16,221471.18,30
1719,STABLE_PRIME,97439.26,43298.51,5,487000.0,41480.89,340225.26,28
1720,STABLE_PRIME,113032.27,50590.0,2,339000.0,43520.18,594462.65,30
1721,STABLE_PRIME,91295.58,26178.07,9,913000.0,47086.27,106080.51,28
1722,STABLE_PRIME,76001.89,18763.05,1,380000.0,37714.78,175127.06,30
1723,STABLE_PRIME,101474.94,33305.67,2,1015000.0,52053.19,172228.46,28
1724,STABLE_PRIME,96683.66,28733.62,6,967000.0,45390.72,287382.22,30
1725,OVERSPENDING,58904.91,26501.28,2,177000.0,28760.1,210277.4,29
1726,SAVINGS_DEPLETION,59282.09,19653.4,6,593000.0,34393.74,140342.79,28
1727,STABLE_PRIME,92403.4,27404.26,1,924000.0,51358.5,238231.32,29
1728,STABLE_PRIME,76023.44,23018.25,1,760000.0,32069.15,334990.47,30
1729,SAVINGS_DEPLETION,48400.95,15682.42,2,242000.0,28200.45,167489.54,28
1730,OVERSPENDING,66103.3,33775.69,2,661000.0,28996.72,376070.2,29
1731,INCOME_INSTABILITY,36393.81,9090.2,1,364000.0,25740.02,82611.18,29
1732,STABLE_PRIME,70230.18,21264.72,9,702000.0,37081.12,249013.53,28
1733,STABLE_PRIME,73112.15,32071.86,3,219000.0,24817.42,183980.48,29
1734,STABLE_PRIME,77838.14,30096.18,6,234000.0,37320.01,149007.31,28
1735,STABLE_PRIME,60460.17,12240.58,4,302000.0,31809.83,160031.8,30
1736,SAVINGS_DEPLETION,46821.13,18916.82,8,140000.0,22707.94,209037.69,30
1737,STABLE_PRIME,82466.6,28223.85,8,412000.0,42261.45,146939.87,29
1738,STABLE_PRIME,81992.88,28273.47,7,246000.0,39389.47,315387.66,29
1739,OVERSPENDING,38795.88,11901.42,7,116000.0,23009.21,98975.12,28
1740,STABLE_PRIME,78253.28,26488.33,7,235000.0,36792.76,256309.07,29
1741,OVERSPENDING,61839.94,30547.03,2,309000.0,27831.24,256143.2,30
1742,LIQUIDITY_SHOCK,63319.21,19919.65,5,633000.0,36254.23,324114.06,29
1743,STABLE_PRIME,102932.21,28117.35,2,1029000.0,53342.78,187004.38,29
1744,STABLE_PRIME,131389.62,35052.91,5,1314000.0,64219.29,417603.55,30
1745,SAVINGS_DEPLETION,42426.69,9283.8,7,212000.0,27753.68,233222.19,30
1746,STABLE_PRIME,87187.55,32920.96,3,262000.0,34351.03,493633.28,29
1747,LIQUIDITY_SHOCK,67023.59,30121.61,3,201000.0,31953.56,378908.59,28
1748,INCOME_INSTABILITY,30000.0,6688.33,2,300000.0,22095.63,127101.32,30
1749,STABLE_PRIME,69212.8,27129.28,6,692000.0,31519.77,142808.25,29
1750,SAVINGS_DEPLETION,55524.71,17030.74,6,167000.0,34432.46,318400.97,29
1751,STABLE_PRIME,112725.26,24406.58,6,338000.0,61375.86,665667.94,28
1752,STABLE_PRIME,101872.56,27203.62,8,306000.0,49052.68,165670.87,30
1753,STABLE_PRIME,103981.68,24427.7,8,1040000.0,63453.56,360805.6,29
1754,LIQUIDITY_SHOCK,53362.92,21863.31,8,160000.0,27022.57,200263.21,29
1755,STABLE_PRIME,95437.96,38664.48,8,477000.0,35073.29,384497.45,29
1756,STABLE_PRIME,71826.05,24823.71,4,215000.0,30489.04,137995.32,29
1757,INCOME_INSTABILITY,46997.74,10866.7,6,235000.0,32891.56,94665.96,28
1758,STABLE_PRIME,101420.07,20958.67,3,304000.0,59956.41,418687.38,30
1759,LIQUIDITY_SHOCK,39496.15,14706.56,9,395000.0,20096.64,176520.76,29
1760,LIQUIDITY_SHOCK,46243.2,18645.85,6,139000.0,24546.05,226929.72,29
1761,LIQUIDITY_SHOCK,65589.28,24150.49,4,656000.0,33941.7,377239.04,28
1762,STABLE_PRIME,77862.17,19658.6,3,389000.0,35458.35,379411.49,29
1763,LIQUIDITY_SHOCK,59168.38,18986.76,8,592000.0,35970.27,331681.31,30
1764,LIQUIDITY_SHOCK,52928.01,18441.24,3,529000.0,28681.17,298517.76,28
1765,INCOME_INSTABILITY,35827.23,9806.07,2,358000.0,23959.64,185053.77,30
1766,INCOME_INSTABILITY,54943.1,20007.02,9,549000.0,32827.77,101301.18,29
1767,LIQUIDITY_SHOCK,56468.34,18647.06,8,565000.0,33319.69,142225.41,29
1768,STABLE_PRIME,93005.55,21094.18,3,465000.0,50147.24,303368.64,28
1769,STABLE_PRIME,125385.68,30307.24,4,376000.0,74206.63,228787.5,28
1770,STABLE_PRIME,74250.25,15178.05,6,371000.0,46611.59,243379.99,30
1771,STABLE_PRIME,74673.47,21314.59,2,373000.0,38153.91,249042.69,28
1772,INCOME_INSTABILITY,30000.0,6802.72,3,300000.0,20184.98,166529.42,28
1773,STABLE_PRIME,96914.52,26902.76,1,485000.0,49879.66,550560.01,29
1774,INCOME_INSTABILITY,35420.28,9487.6,2,177000.0,22365.16,97321.25,29
1775,OVERSPENDING,87518.53,34467.45,2,438000.0,47596.78,151449.32,30
1776,STABLE_PRIME,68947.13,15641.53,2,345000.0,36289.99,161898.2,29
1777,STABLE_PRIME,110785.61,24284.09,7,554000.0,55265.89,486840.35,28
1778,STABLE_PRIME,94318.52,26982.36,1,472000.0,40556.7,340364.15,29
1779,STABLE_PRIME,104329.35,30733.22,9,522000.0,46866.66,312691.89,30
1780,LIQUIDITY_SHOCK,45757.43,18541.47,9,229000.0,21810.39,61788.24,28
1781,LIQUIDITY_SHOCK,56419.12,22377.32,2,169000.0,28161.16,294210.36,29
1782,STABLE_PRIME,87506.61,33971.1,7,875000.0,38965.21,245692.38,30
1783,STABLE_PRIME,85575.91,30698.85,8,257000.0,43524.06,233095.84,29
1784,SAVINGS_DEPLETION,67101.23,28689.41,2,201000.0,33614.96,277386.58,29
1785,LIQUIDITY_SHOCK,70360.45,21981.96,8,352000.0,42199.86,127532.2,28
1786,STABLE_PRIME,99095.11,20292.18,3,991000.0,57630.51,567564.72,29
1787,STABLE_PRIME,103643.7,25901.31,7,311000.0,54028.57,179053.46,28
1788,OVERSPENDING,68060.38,24004.27,5,340000.0,37058.1,281780.33,28
1789,STABLE_PRIME,76409.78,29397.33,1,764000.0,31990.72,247600.33,30
1790,OVERSPENDING,60834.47,20237.69,2,183000.0,34744.74,325147.8,29
1791,STABLE_PRIME,113524.54,39342.94,8,568000.0,48682.43,159887.82,29
1792,STABLE_PRIME,81270.76,27084.6,3,406000.0,33029.02,301896.68,30
1793,STABLE_PRIME,94399.2,40826.14,5,283000.0,41257.3,180128.51,30
1794,STABLE_PRIME,80147.81,30264.25,2,801000.0,30662.57,287438.96,30
1795,STABLE_PRIME,67623.8,19589.87,1,676000.0,30211.76,104641.87,30
1796,STABLE_PRIME,82320.22,16564.24,2,247000.0,39810.72,291890.19,28
1797,STABLE_PRIME,57305.9,17039.76,4,573000.0,24256.21,253499.86,29
1798,SAVINGS_DEPLETION,55114.72,23769.11,1,551000.0,27562.83,148398.27,30
1799,INCOME_INSTABILITY,47402.38,14314.78,3,237000.0,28593.84,234661.5,28
1800,STABLE_PRIME,89672.44,31917.64,5,269000.0,35819.25,141574.87,30
1801,INCOME_INSTABILITY,30000.0,11788.77,4,90000.0,16560.45,130852.24,30
1802,STABLE_PRIME,75874.74,31300.85,9,228000.0,28481.65,437137.16,30
1803,STABLE_PRIME,93887.95,41426.38,7,469000.0,38013.57,281503.32,30
1804,INCOME_INSTABILITY,45752.53,16767.7,5,229000.0,24833.43,48790.77,28
1805,INCOME_INSTABILITY,39529.98,15991.32,4,198000.0,20681.76,64351.27,28
1806,OVERSPENDING,45732.44,15690.64,3,137000.0,25090.14,64892.27,30
1807,STABLE_PRIME,84251.8,30053.31,9,843000.0,42568.59,134570.71,28
1808,INCOME_INSTABILITY,58350.44,19268.51,4,292000.0,33741.57,134403.0,28
1809,SAVINGS_DEPLETION,49997.98,11240.02,8,500000.0,31563.89,161869.17,29
1810,STABLE_PRIME,91554.42,34258.63,1,916000.0,35490.52,217059.06,28
1811,OVERSPENDING,61321.98,24300.46,4,307000.0,30349.32,74968.9,30
1812,STABLE_PRIME,92452.19,20935.72,1,277000.0,46358.86,469021.53,28
1813,STABLE_PRIME,72385.28,20968.69,4,362000.0,37415.98,379372.38,30
1814,STABLE_PRIME,76479.16,25891.78,9,229000.0,39909.06,433843.4,29
1815,STABLE_PRIME,101127.71,40298.26,5,506000.0,45763.98,270034.01,29
1816,STABLE_PRIME,83280.39,26247.33,1,833000.0,43700.33,217838.68,29
1817,STABLE_PRIME,88964.02,24431.59,5,445000.0,50567.48,235203.14,28
1818,STABLE_PRIME,58124.06,12738.21,5,174000.0,29673.17,127163.82,29
1819,STABLE_PRIME,84702.08,36957.79,2,847000.0,31293.82,106842.83,29
1820,SAVINGS_DEPLETION,48385.89,14865.17,1,242000.0,27416.87,167664.39,29
1821,STABLE_PRIME,93410.76,41485.81,9,934000.0,31738.95,524635.0,29
1822,STABLE_PRIME,84798.08,17766.24,6,424000.0,47544.71,308693.87,29
1823,STABLE_PRIME,97969.56,44073.09,1,980000.0,43074.94,347657.75,30
1824,STABLE_PRIME,111183.26,46701.27,2,1112000.0,48997.12,466052.47,29
1825,INCOME_INSTABILITY,63426.36,25399.5,8,317000.0,33701.68,97803.57,28
1826,STABLE_PRIME,79777.26,24005.49,9,798000.0,44311.0,149536.07,30
1827,STABLE_PRIME,88310.27,21798.22,7,265000.0,52372.83,416538.76,30
1828,INCOME_INSTABILITY,43347.07,8841.2,7,130000.0,29595.09,235969.86,29
1829,STABLE_PRIME,116496.38,39798.6,5,582000.0,58217.91,292768.9,30
1830,STABLE_PRIME,69263.1,14025.96,4,208000.0,34406.56,184121.36,30
1831,STABLE_PRIME,78962.94,18089.06,1,395000.0,46140.97,221135.57,29
1832,STABLE_PRIME,85803.11,33619.36,2,429000.0,39005.58,258379.08,29
1833,SAVINGS_DEPLETION,71659.31,18694.63,4,215000.0,44000.34,109221.6,29
1834,STABLE_PRIME,64350.79,25715.43,8,644000.0,29738.32,182345.0,30
1835,LIQUIDITY_SHOCK,42593.4,19017.25,2,128000.0,20932.39,165808.44,28
1836,STABLE_PRIME,78677.83,28406.89,8,787000.0,31739.62,232372.44,30
1837,INCOME_INSTABILITY,30000.0,10080.95,9,300000.0,18734.17,121007.43,28
1838,OVERSPENDING,54617.49,18760.8,8,273000.0,30607.95,163942.54,30
1839,STABLE_PRIME,88578.32,32621.43,1,443000.0,34496.3,298061.9,29
1840,STABLE_PRIME,90837.55,25049.95,2,273000.0,51348.84,392610.68,28
1841,STABLE_PRIME,85010.63,30874.33,5,425000.0,36911.57,239970.74,30
1842,SAVINGS_DEPLETION,76629.47,16522.16,4,230000.0,51037.81,246915.86,28
1843,STABLE_PRIME,87818.72,19433.05,9,878000.0,47384.91,258817.0,30
1844,OVERSPENDING,72121.95,28339.0,6,721000.0,36330.4,325702.65,30
1845,STABLE_PRIME,66839.76,19757.22,6,201000.0,30340.84,192562.15,29
1846,STABLE_PRIME,77339.52,28436.34,9,232000.0,33995.0,438288.14,28
1847,STABLE_PRIME,102112.95,22576.43,6,1021000.0,58625.35,362250.21,28
1848,STABLE_PRIME,61069.23,17029.4,9,183000.0,29342.23,72539.93,30
1849,STABLE_PRIME,54413.57,16616.7,7,163000.0,28217.19,106088.7,28
1850,STABLE_PRIME,95992.44,38985.34,4,960000.0,38183.68,227341.95,30
1851,LIQUIDITY_SHOCK,44709.21,20111.73,7,447000.0,21477.91,53098.6,30
1852,OVERSPENDING,36764.33,19481.74,7,368000.0,13903.8,48694.22,28
1853,STABLE_PRIME,55558.98,14680.27,8,556000.0,27556.96,72256.83,29
1854,LIQUIDITY_SHOCK,66101.83,16679.94,7,198000.0,39971.39,258277.67,28
1855,INCOME_INSTABILITY,41225.8,14434.54,9,412000.0,23067.71,92068.84,30
1856,OVERSPENDING,63066.21,32056.42,6,315000.0,27083.61,267632.56,30
1857,LIQUIDITY_SHOCK,60052.09,18660.45,8,601000.0,36670.89,335915.57,28
1858,LIQUIDITY_SHOCK,57340.38,12324.77,3,287000.0,36582.56,175958.39,28
1859,INCOME_INSTABILITY,50717.74,14609.64,7,152000.0,34130.17,82572.44,30
1860,STABLE_PRIME,96154.78,31373.27,4,962000.0,41953.35,257861.02,29
1861,STABLE_PRIME,81926.85,24316.83,9,410000.0,37675.45,323940.62,29
1862,OVERSPENDING,59255.45,26929.62,4,178000.0,28849.07,171447.99,29
1863,STABLE_PRIME,59898.21,16005.72,8,599000.0,30465.48,256608.51,29
1864,STABLE_PRIME,92378.73,19944.6,6,462000.0,50932.59,115285.66,29
1865,STABLE_PRIME,85616.88,36529.58,7,428000.0,36125.32,349072.38,30
1866,STABLE_PRIME,95569.81,30743.64,2,287000.0,39567.32,352710.43,30
1867,STABLE_PRIME,90271.37,34445.38,6,451000.0,34091.83,527611.07,29
1868,LIQUIDITY_SHOCK,67880.33,26297.08,8,679000.0,35179.1,281660.07,28
1869,LIQUIDITY_SHOCK,76390.38,18999.06,8,382000.0,51594.53,264464.18,30
1870,STABLE_PRIME,96235.21,29130.79,1,289000.0,49671.68,561061.6,28
1871,SAVINGS_DEPLETION,78592.09,18571.8,1,236000.0,51549.44,157646.0,28
1872,INCOME_INSTABILITY,30000.0,8095.09,3,150000.0,19583.83,168475.31,28
1873,SAVINGS_DEPLETION,71382.1,23350.5,2,714000.0,39390.33,421426.08,30
1874,OVERSPENDING,53962.75,25310.65,5,162000.0,23036.91,250864.87,30
1875,STABLE_PRIME,118948.49,49315.14,9,595000.0,50700.54,187644.74,29
1876,STABLE_PRIME,83135.71,35088.93,7,416000.0,32005.74,335441.43,29
1877,INCOME_INSTABILITY,40772.32,11583.35,7,122000.0,26097.99,58328.08,30
1878,LIQUIDITY_SHOCK,69585.22,19436.7,5,209000.0,41371.17,72541.06,29
1879,STABLE_PRIME,72245.49,24454.55,4,217000.0,35506.64,390635.08,28
1880,STABLE_PRIME,89648.42,25912.74,4,269000.0,49014.76,340715.99,28
1881,STABLE_PRIME,65896.22,22236.09,1,329000.0,28400.8,121717.69,28
1882,STABLE_PRIME,91900.82,26892.28,8,919000.0,48487.48,497049.68,28
1883,INCOME_INSTABILITY,49530.11,16119.83,6,248000.0,28820.39,133655.17,28
1884,STABLE_PRIME,93340.33,25707.38,3,933000.0,47965.85,318700.54,30
1885,STABLE_PRIME,76130.73,20022.35,1,228000.0,43568.14,285753.07,30
1886,STABLE_PRIME,86578.9,20109.36,6,866000.0,51623.59,171148.71,30
1887,OVERSPENDING,76658.41,23693.98,6,383000.0,46355.46,355884.35,28
1888,STABLE_PRIME,111771.63,33709.38,6,1118000.0,60681.98,414017.23,29
1889,STABLE_PRIME,85201.76,31798.97,2,852000.0,34094.14,271841.16,30
1890,LIQUIDITY_SHOCK,86548.69,36931.77,7,260000.0,42978.18,123506.05,29
1891,OVERSPENDING,64699.68,27409.97,3,647000.0,30599.43,225649.63,28
1892,SAVINGS_DEPLETION,63718.05,14157.73,2,319000.0,40347.16,165864.43,29
1893,STABLE_PRIME,94916.54,24943.88,6,475000.0,50128.86,158975.0,30
1894,STABLE_PRIME,102003.6,40698.55,5,1020000.0,44286.05,577666.63,29
1895,OVERSPENDING,53779.97,24824.36,4,161000.0,25251.76,64978.04,30
1896,STABLE_PRIME,92777.39,19562.89,6,464000.0,45766.75,499032.22,30
1897,SAVINGS_DEPLETION,88874.69,33197.62,6,889000.0,48386.89,221028.38,28
1898,STABLE_PRIME,95158.13,32398.42,3,285000.0,40125.9,264315.88,29
1899,STABLE_PRIME,68806.74,14188.97,7,688000.0,40367.74,172969.01,29
1900,SAVINGS_DEPLETION,52213.52,13410.03,4,157000.0,33974.25,112801.73,29
1901,STABLE_PRIME,97477.41,19802.0,6,975000.0,60113.76,441258.99,30
1902,STABLE_PRIME,99607.69,40529.9,5,299000.0,46369.84,396470.46,29
1903,OVERSPENDING,51037.82,22325.02,2,255000.0,25791.88,172023.51,29
1904,STABLE_PRIME,67928.79,25622.73,2,204000.0,28222.79,148806.44,29
1905,STABLE_PRIME,80874.9,32147.26,3,243000.0,31534.08,425994.6,29
1906,INCOME_INSTABILITY,34644.85,10461.83,9,173000.0,20572.9,131283.06,28
1907,STABLE_PRIME,88267.04,38901.3,9,441000.0,37772.58,340849.86,30
1908,STABLE_PRIME,87186.66,18843.23,2,262000.0,46448.57,324347.45,29
1909,INCOME_INSTABILITY,32029.44,13462.76,4,96000.0,17207.07,171361.52,29
1910,STABLE_PRIME,103742.96,21138.21,2,519000.0,63491.38,132139.99,29
1911,STABLE_PRIME,91317.6,31935.66,4,457000.0,40945.97,446697.94,29
1912,SAVINGS_DEPLETION,62010.84,17107.3,1,186000.0,36704.66,160271.05,30
1913,STABLE_PRIME,102433.89,28498.25,1,307000.0,44929.04,152977.45,29
1914,STABLE_PRIME,82146.39,32852.23,9,411000.0,35163.98,420699.57,28
1915,STABLE_PRIME,62538.3,13321.79,1,625000.0,31754.54,311298.27,28
1916,STABLE_PRIME,85799.83,29978.74,6,858000.0,34209.96,429064.61,29
1917,INCOME_INSTABILITY,31612.35,8023.76,2,158000.0,20131.04,62788.87,29
1918,STABLE_PRIME,80014.68,34709.54,5,400000.0,33315.64,236158.5,29
1919,LIQUIDITY_SHOCK,72526.15,32056.96,5,363000.0,35777.21,133067.42,29
1920,OVERSPENDING,35137.45,13263.21,6,176000.0,17854.96,185363.8,30
1921,INCOME_INSTABILITY,48543.46,19190.33,1,243000.0,25219.01,127913.67,30
1922,OVERSPENDING,44650.06,22487.62,9,447000.0,18011.8,204304.57,28
1923,STABLE_PRIME,75911.97,33362.92,3,228000.0,29119.96,107383.02,28
1924,STABLE_PRIME,66860.68,16391.51,6,334000.0,35547.62,155647.52,28
1925,STABLE_PRIME,70545.37,23556.16,6,212000.0,36885.37,367535.54,30
1926,STABLE_PRIME,98889.63,29260.63,2,297000.0,42752.13,542031.97,29
1927,STABLE_PRIME,83633.86,27795.52,9,836000.0,35719.35,368226.03,30
1928,OVERSPENDING,51873.57,25951.88,9,259000.0,22619.05,286169.86,28
1929,STABLE_PRIME,103746.74,37568.12,4,1037000.0,40673.33,379298.63,29
1930,STABLE_PRIME,89799.48,18847.96,9,269000.0,48026.34,403231.33,29
1931,STABLE_PRIME,63895.85,19601.85,3,639000.0,34606.72,206285.13,28
1932,STABLE_PRIME,84816.59,34180.4,1,424000.0,37369.16,370227.86,30
1933,STABLE_PRIME,108809.91,25475.2,2,326000.0,53945.98,366566.07,30
1934,STABLE_PRIME,89506.69,24453.52,1,895000.0,46660.76,232289.52,29
1935,INCOME_INSTABILITY,61484.6,16879.83,7,307000.0,39510.41,339035.1,28
1936,LIQUIDITY_SHOCK,43064.94,9266.32,8,129000.0,28385.14,160764.64,30
1937,STABLE_PRIME,82948.05,23921.7,8,249000.0,42746.81,361770.71,29
1938,STABLE_PRIME,77745.74,24697.99,6,233000.0,37881.95,445834.09,30
1939,STABLE_PRIME,97626.71,23421.45,4,488000.0,49066.35,295072.37,29
1940,INCOME_INSTABILITY,68910.63,16999.78,1,207000.0,49113.9,333103.07,28
1941,STABLE_PRIME,62215.45,25444.38,7,311000.0,26871.5,126991.64,30
1942,STABLE_PRIME,90464.2,18569.08,9,271000.0,47319.53,125987.79,30
1943,SAVINGS_DEPLETION,46342.85,17842.2,2,463000.0,25000.29,245327.94,28
1944,LIQUIDITY_SHOCK,53068.63,15701.43,4,531000.0,29952.34,229975.26,29
1945,STABLE_PRIME,84874.57,26612.73,2,424000.0,39197.01,275262.06,28
1946,SAVINGS_DEPLETION,67209.45,13744.13,2,336000.0,45414.66,93531.05,30
1947,OVERSPENDING,41425.52,14552.65,9,414000.0,24130.92,223335.84,28
1948,STABLE_PRIME,58788.27,24806.27,2,294000.0,24035.12,222193.78,29
1949,INCOME_INSTABILITY,40039.08,13215.2,8,400000.0,22952.36,160347.95,30
1950,STABLE_PRIME,87119.37,17715.93,7,436000.0,48280.59,119540.15,29
1951,SAVINGS_DEPLETION,58970.68,25374.54,1,177000.0,30040.75,227359.45,30
1952,STABLE_PRIME,79271.81,28698.42,8,238000.0,35561.34,338488.34,30
1953,STABLE_PRIME,107586.87,48268.69,9,323000.0,47004.01,175959.73,29
1954,STABLE_PRIME,91141.58,22817.27,7,456000.0,54534.2,178277.72,30
1955,STABLE_PRIME,80849.92,21116.89,7,404000.0,47449.64,166568.97,30
1956,STABLE_PRIME,86151.44,34554.79,9,862000.0,31906.51,384482.18,30
1957,INCOME_INSTABILITY,30000.0,10005.27,8,300000.0,18750.09,91503.57,29
1958,OVERSPENDING,59541.71,29061.34,2,298000.0,26907.0,224509.81,29
1959,STABLE_PRIME,73428.86,28243.29,9,220000.0,31752.42,303356.39,30
1960,OVERSPENDING,68056.77,30142.81,2,204000.0,32334.3,313047.37,29
1961,STABLE_PRIME,102681.94,28396.59,3,308000.0,58282.15,225519.77,28
1962,SAVINGS_DEPLETION,69436.87,21903.97,4,208000.0,40315.87,271140.09,29
1963,STABLE_PRIME,76606.81,24888.91,3,230000.0,32431.87,310649.56,28
1964,SAVINGS_DEPLETION,39819.26,12772.17,3,398000.0,23688.48,200637.15,29
1965,STABLE_PRIME,80567.47,36087.9,8,403000.0,31348.69,165376.2,29
1966,STABLE_PRIME,82669.48,26275.8,2,248000.0,39723.71,142576.97,29
1967,LIQUIDITY_SHOCK,36191.47,11639.22,6,109000.0,20722.37,68114.51,30
1968,SAVINGS_DEPLETION,49720.07,13239.08,3,497000.0,31134.68,83409.62,29
1969,STABLE_PRIME,73945.12,20211.95,5,739000.0,33152.47,236110.98,30
1970,STABLE_PRIME,81833.97,21833.51,8,409000.0,45951.14,142167.67,30
1971,STABLE_PRIME,106356.31,46203.96,9,1064000.0,39523.67,236491.55,30
1972,STABLE_PRIME,87193.16,24919.23,1,262000.0,42726.43,420551.59,29
1973,STABLE_PRIME,101947.04,32455.73,3,510000.0,50887.74,544805.56,29
1974,OVERSPENDING,60769.54,30771.54,7,608000.0,24912.1,223440.74,28
1975,SAVINGS_DEPLETION,56320.87,24138.29,2,282000.0,26217.88,310877.97,29
1976,STABLE_PRIME,75100.35,22695.2,6,751000.0,33361.12,104858.72,30
1977,STABLE_PRIME,101232.44,31524.76,5,506000.0,49520.98,589130.3,29
1978,STABLE_PRIME,72870.08,32656.68,1,364000.0,26029.3,91253.58,28
1979,STABLE_PRIME,113344.52,28557.83,9,340000.0,57272.57,639078.63,28
1980,INCOME_INSTABILITY,54803.63,12414.8,9,164000.0,39938.78,98842.01,29
1981,SAVINGS_DEPLETION,69058.79,19838.04,2,345000.0,41083.64,345853.15,28
1982,STABLE_PRIME,93556.32,40082.51,3,936000.0,42344.99,232754.42,28
1983,STABLE_PRIME,80028.53,26541.36,7,400000.0,32446.75,347525.85,29
1984,LIQUIDITY_SHOCK,55731.81,14386.72,9,167000.0,33623.31,113649.35,30
1985,STABLE_PRIME,73688.34,28335.95,9,737000.0,34335.71,420828.77,28
1986,STABLE_PRIME,104343.45,31950.71,3,313000.0,52849.55,427582.87,28
1987,OVERSPENDING,60426.27,23102.79,1,604000.0,30080.33,210372.58,28
1988,STABLE_PRIME,90682.5,30392.49,5,453000.0,42759.53,308381.7,29
1989,STABLE_PRIME,95430.66,31364.94,2,477000.0,40289.09,397597.01,30
1990,STABLE_PRIME,69265.69,20134.97,3,693000.0,37696.94,100165.87,28
1991,STABLE_PRIME,71610.29,29384.2,2,358000.0,27210.96,293220.92,30
1992,STABLE_PRIME,112918.86,45457.16,5,1129000.0,53636.14,571715.33,28
1993,SAVINGS_DEPLETION,48644.69,12768.04,2,146000.0,29827.76,216618.54,30
1994,STABLE_PRIME,124855.06,40443.39,8,1249000.0,58865.83,169291.12,30
1995,STABLE_PRIME,87072.79,22946.89,5,871000.0,45571.86,298335.59,29
1996,SAVINGS_DEPLETION,48837.81,17291.69,5,244000.0,28025.01,208326.65,30
1997,STABLE_PRIME,75859.08,29096.28,8,759000.0,32480.05,184422.64,30
1998,STABLE_PRIME,104260.84,34417.97,3,313000.0,44099.49,107098.67,28
1999,INCOME_INSTABILITY,39473.44,12342.42,2,395000.0,23670.92,228085.35,30
